"","iso3c","year","country","Ticker","ID","blpi_tot_q","blpi_level","blpi_tot_miss","blpi_miss_pct","pf_tot_q","pf_level","pf_tot_miss","pf_miss_pct","rs_tot_q","rs_level","rs_tot_miss","rs_miss_pct","os_tot_q","os_level","os_tot_miss","os_miss_pct","idea_tot_q","idea_level","idea_tot_miss","blpi_pct","pf_pct","rs_pct","os_pct","idea_miss_pct","idea_pct","CoC","idea_pct_diff","CoC_diff","wb_region","wb_income","un_region_name","un_sub_region_name","un_intermediate._region_name","un_dev_devping","gini","lifeexpectancy","GDP","wefji","CepalGastos"
"1","ARG",2006,"Argentina","ARG",79,16,0,0,0,5,0,1,0.17,4,0,1,0.2,7,0,1,0.13,29,0,3,0,0,0,0,0.09,0,-0.3726,0,"0.0566","Latin America & Caribbean","Upper middle income","Americas","Latin America and the Caribbean","South America","Developing",48.26,74.8499024390244,233581686065.467,2.19965297531005,2.4
"2","ARG",2007,"Argentina","ARG",79,16,0,0,0,5,0,1,0.17,4,0,1,0.2,7,0,1,0.13,29,0,3,0,0,0,0,0.09,0,-0.3746,0,"-0.0020","Latin America & Caribbean","Upper middle income","Americas","Latin America and the Caribbean","South America","Developing",47.37,75.0090487804878,288833322724.044,2.173863542612,2.01
"3","ARG",2008,"Argentina","ARG",79,16,8,0,0,5,2,1,0.17,4,1,1,0.2,7,5,1,0.13,29,16,3,0.5,0.4,0.25,0.71,0.09,0.55,-0.4738,0.5517,"-0.0992","Latin America & Caribbean","Upper middle income","Americas","Latin America and the Caribbean","South America","Developing",46.27,75.1662682926829,363137495039.856,2.21115015157582,2.02
"4","ARG",2009,"Argentina","ARG",79,16,8,0,0,5,2,1,0.17,4,1,1,0.2,7,5,1,0.13,29,16,3,0.5,0.4,0.25,0.71,0.09,0.55,-0.5029,0,"-0.0290","Latin America & Caribbean","Upper middle income","Americas","Latin America and the Caribbean","South America","Developing",45.27,75.3245609756098,334490355492.26,2.40934555481928,2.48
"5","ARG",2010,"Argentina","ARG",79,16,8,0,0,5,2,1,0.17,4,1,1,0.2,7,5,1,0.13,29,16,3,0.5,0.4,0.25,0.71,0.09,0.55,-0.4126,0,"0.0902","Latin America & Caribbean","Upper middle income","Americas","Latin America and the Caribbean","South America","Developing",44.5,75.4849756097561,425916078731.8,2.56268254232804,2.66
"6","ARG",2011,"Argentina","ARG",79,16,8,0,0,5,2,1,0.17,4,1,1,0.2,7,5,1,0.13,29,16,3,0.5,0.4,0.25,0.71,0.09,0.55,-0.4021,0,"0.0106","Latin America & Caribbean","Upper middle income","Americas","Latin America and the Caribbean","South America","Developing",43.57,75.6490487804878,533200293249.748,2.57964157894737,2.53
"7","ARG",2012,"Argentina","ARG",79,16,8,0,0,5,2,1,0.17,4,1,1,0.2,7,5,1,0.13,29,16,3,0.5,0.4,0.25,0.71,0.09,0.55,-0.4918,0,"-0.0897","Latin America & Caribbean","Upper middle income","Americas","Latin America and the Caribbean","South America","Developing",42.49,75.816243902439,548934618735.756,2.27404240540541,2.25
"8","ARG",2013,"Argentina","ARG",79,16,8,0,0,5,2,1,0.17,4,1,1,0.2,7,5,1,0.13,29,16,3,0.5,0.4,0.25,0.71,0.09,0.55,-0.4628,0,"0.0290","Latin America & Caribbean","Upper middle income","Americas","Latin America and the Caribbean","South America","Developing",42.28,75.9860975609756,554155198994.424,2.37633489819004,2.85
"9","ARG",2014,"Argentina","ARG",79,16,8,0,0,5,2,1,0.17,4,1,1,0.2,7,5,1,0.13,29,16,3,0.5,0.4,0.25,0.71,0.09,0.55,-0.5807,0,"-0.1180","Latin America & Caribbean","Upper middle income","Americas","Latin America and the Caribbean","South America","Developing",42.67,76.1586097560976,529726189460.922,2.29284509026549,4.17
"10","ARG",2015,"Argentina","ARG",79,16,8,0,0,5,2,1,0.17,4,1,1,0.2,7,5,1,0.13,29,16,3,0.5,0.4,0.25,0.71,0.09,0.55,-0.5869,0,"-0.0061","Latin America & Caribbean","Upper middle income","Americas","Latin America and the Caribbean","South America","Developing",NA,NA,583168571071.407,2.43800005435944,2.74
"11","BOL",2006,"Bolivia","BOL",115,12,4,4,0.25,5,0,1,0.17,5,0,0,0,8,2,0,0,27,6,5,0.33,0,0,0.25,0.16,0.22,-0.397,0,"0.3635","Latin America & Caribbean","Lower middle income","Americas","Latin America and the Caribbean","South America","Developing",56.87,64.1149512195122,11451869164.7112,2.37328862291172,10.37
"12","BOL",2007,"Bolivia","BOL",115,12,4,4,0.25,5,0,1,0.17,5,0,0,0,8,2,0,0,27,6,5,0.33,0,0,0.25,0.16,0.22,-0.3593,0,"0.0377","Latin America & Caribbean","Lower middle income","Americas","Latin America and the Caribbean","South America","Developing",55.44,64.6941219512195,13120159975.5451,2.43613375028625,11.75
"13","BOL",2008,"Bolivia","BOL",115,12,5,4,0.25,5,0,1,0.17,5,0,0,0,8,2,0,0,27,7,5,0.42,0,0,0.25,0.16,0.26,-0.4917,0.037,"-0.1323","Latin America & Caribbean","Lower middle income","Americas","Latin America and the Caribbean","South America","Developing",51.43,65.2738048780488,16674357238.5781,2.2203567625894,10.93
"14","BOL",2009,"Bolivia","BOL",115,12,5,4,0.25,5,0,1,0.17,5,0,0,0,8,2,0,0,27,7,5,0.42,0,0,0.25,0.16,0.26,-0.6284,0,"-0.1367","Latin America & Caribbean","Lower middle income","Americas","Latin America and the Caribbean","South America","Developing",49.65,65.848,17340028490.0285,2.06293051724138,12
"15","BOL",2010,"Bolivia","BOL",115,12,5,4,0.25,5,0,1,0.17,5,2,0,0,8,4,0,0,27,11,5,0.42,0,0.4,0.5,0.16,0.41,-0.4422,0.1481,"0.1862","Latin America & Caribbean","Lower middle income","Americas","Latin America and the Caribbean","South America","Developing",NA,66.407756097561,19649692875.5683,2.31480310097087,9.92
"16","BOL",2011,"Bolivia","BOL",115,12,5,4,0.25,5,0,1,0.17,5,2,0,0,8,4,0,0,27,11,5,0.42,0,0.4,0.5,0.16,0.41,-0.5344,0,"-0.0922","Latin America & Caribbean","Lower middle income","Americas","Latin America and the Caribbean","South America","Developing",46.26,66.9425609756098,23963096439.383,3.01979597164179,12.09
"17","BOL",2012,"Bolivia","BOL",115,12,5,4,0.25,5,0,1,0.17,5,2,0,0,8,4,0,0,27,11,5,0.42,0,0.4,0.5,0.16,0.41,-0.7097,0,"-0.1753","Latin America & Caribbean","Lower middle income","Americas","Latin America and the Caribbean","South America","Developing",46.7,67.4454634146341,27084515195.369,3.14379228741722,10.8
"18","BOL",2013,"Bolivia","BOL",115,12,5,4,0.25,5,0,1,0.17,5,2,0,0,8,4,0,0,27,11,5,0.42,0,0.4,0.5,0.16,0.41,-0.5884,0,"0.1213","Latin America & Caribbean","Lower middle income","Americas","Latin America and the Caribbean","South America","Developing",48.06,67.9134390243903,30659334298.1187,3.10432950410959,13.53
"19","BOL",2014,"Bolivia","BOL",115,12,5,4,0.25,5,0,1,0.17,5,2,0,0,8,4,0,0,27,11,5,0.42,0,0.4,0.5,0.16,0.41,-0.6393,0,"-0.0509","Latin America & Caribbean","Lower middle income","Americas","Latin America and the Caribbean","South America","Developing",48.4,68.344,32996237337.1925,3.29384493790991,16.61
"20","BOL",2015,"Bolivia","BOL",115,12,5,4,0.25,5,0,1,0.17,5,2,0,0,8,4,0,0,27,11,5,0.42,0,0.4,0.5,0.16,0.41,-0.6834,0,"-0.0442","Latin America & Caribbean","Lower middle income","Americas","Latin America and the Caribbean","South America","Developing",NA,NA,32997684515.1954,2.56142551104228,13.75
"21","BRA",2006,"Brazil","BRA",7,16,0,0,0,6,0,0,0,5,0,0,0,8,0,0,0,32,0,0,0,0,0,0,0,0,-0.1359,0,"0.0358","Latin America & Caribbean","Upper middle income","Americas","Latin America and the Caribbean","South America","Developing",55.93,72.1317317073171,1107640325472.35,2.90444399603754,1.14
"22","BRA",2007,"Brazil","BRA",7,16,0,0,0,6,0,0,0,5,0,0,0,8,0,0,0,32,0,0,0,0,0,0,0,0,-0.1189,0,"0.0170","Latin America & Caribbean","Upper middle income","Americas","Latin America and the Caribbean","South America","Developing",55.23,72.4148292682927,1397084381901.29,3.14314623082095,1.2
"23","BRA",2008,"Brazil","BRA",7,16,4,0,0,6,2,0,0,5,0,0,0,8,5,0,0,32,11,0,0.25,0.33,0,0.63,0,0.34,-0.0248,0.3438,"0.0941","Latin America & Caribbean","Upper middle income","Americas","Latin America and the Caribbean","South America","Developing",54.37,72.6954146341463,1695824517395.57,3.81390715266439,1.12
"24","BRA",2009,"Brazil","BRA",7,16,4,0,0,6,2,0,0,5,0,0,0,8,5,0,0,32,11,0,0.25,0.33,0,0.63,0,0.34,-0.1222,0,"-0.0974","Latin America & Caribbean","Upper middle income","Americas","Latin America and the Caribbean","South America","Developing",53.87,72.9780243902439,1667020106031.81,3.58829993074792,1.19
"25","BRA",2010,"Brazil","BRA",7,16,10,0,0,6,3,0,0,5,2,0,0,8,7,0,0,32,22,0,0.63,0.5,0.4,0.88,0,0.69,1e-04,0.3438,"0.1223","Latin America & Caribbean","Upper middle income","Americas","Latin America and the Caribbean","South America","Developing",NA,73.2641463414634,2208872214643.02,3.52127593839542,2.48
"26","BRA",2011,"Brazil","BRA",7,16,10,0,0,6,3,0,0,5,2,0,0,8,7,0,0,32,22,0,0.63,0.5,0.4,0.88,0,0.69,0.1494,0,"0.1493","Latin America & Caribbean","Upper middle income","Americas","Latin America and the Caribbean","South America","Developing",53.09,73.5523414634146,2614573170731.71,3.73658582266289,1.45
"27","BRA",2012,"Brazil","BRA",7,16,10,0,0,6,3,0,0,5,2,0,0,8,7,0,0,32,22,0,0.63,0.5,0.4,0.88,0,0.69,-0.0676,0,"-0.2169","Latin America & Caribbean","Upper middle income","Americas","Latin America and the Caribbean","South America","Developing",52.67,73.8395853658537,2460658440428.04,3.75062583628049,1.48
"28","BRA",2013,"Brazil","BRA",7,16,10,0,0,6,3,0,0,5,2,0,0,8,7,0,0,32,22,0,0.63,0.5,0.4,0.88,0,0.69,-0.1169,0,"-0.0493","Latin America & Caribbean","Upper middle income","Americas","Latin America and the Caribbean","South America","Developing",52.87,74.1224390243903,2465773850934.56,3.8672258033195,1.54
"29","BRA",2014,"Brazil","BRA",7,16,10,0,0,6,3,0,0,5,2,0,0,8,7,0,0,32,22,0,0.63,0.5,0.4,0.88,0,0.69,-0.3797,0,"-0.2628","Latin America & Caribbean","Upper middle income","Americas","Latin America and the Caribbean","South America","Developing",51.48,74.4018780487805,2417046323841.9,3.55315841282205,1.69
"30","BRA",2015,"Brazil","BRA",7,16,10,0,0,6,4,0,0,5,2,0,0,8,7,0,0,32,23,0,0.63,0.67,0.4,0.88,0,0.72,-0.4327,0.0313,"-0.0530","Latin America & Caribbean","Upper middle income","Americas","Latin America and the Caribbean","South America","Developing",NA,NA,1774724818900.48,3.3804923873239,1.97
"31","CHL",2006,"Chile","CHL",32,16,5,0,0,6,2,0,0,4,1,1,0.2,8,6,0,0,31,14,1,0.31,0.33,0.25,0.75,0.03,0.45,1.4299,0,"-0.0219","Latin America & Caribbean","High income","Americas","Latin America and the Caribbean","South America","Developing",51.79,78.9791707317073,154671012210.645,3.99248218602185,2.87
"32","CHL",2007,"Chile","CHL",32,16,5,0,0,6,2,0,0,4,1,1,0.2,8,6,0,0,31,14,1,0.31,0.33,0.25,0.75,0.03,0.45,1.3435,0,"-0.0864","Latin America & Caribbean","High income","Americas","Latin America and the Caribbean","South America","Developing",NA,79.3135365853659,173081277147.793,4.24700392180707,3.07
"33","CHL",2008,"Chile","CHL",32,16,5,0,0,6,4,0,0,4,2,1,0.2,8,6,0,0,31,17,1,0.31,0.67,0.5,0.75,0.03,0.55,1.3277,0.0968,"-0.0158","Latin America & Caribbean","High income","Americas","Latin America and the Caribbean","South America","Developing",NA,79.6409024390244,179626674542.406,4.4993218826612,3.61
"34","CHL",2009,"Chile","CHL",32,16,5,0,0,6,4,0,0,4,2,1,0.2,8,6,0,0,31,17,1,0.31,0.67,0.5,0.75,0.03,0.55,1.3517,0,"0.0240","Latin America & Caribbean","High income","Americas","Latin America and the Caribbean","South America","Developing",52,79.9608048780488,171956955710.33,4.7091890320442,4.44
"35","CHL",2010,"Chile","CHL",32,16,5,0,0,6,4,0,0,4,2,1,0.2,8,6,0,0,31,17,1,0.31,0.67,0.5,0.75,0.03,0.55,1.4856,0,"0.1339","Latin America & Caribbean","High income","Americas","Latin America and the Caribbean","South America","Developing",NA,80.2758048780488,217538271334.673,5.3633173826087,3.94
"36","CHL",2011,"Chile","CHL",32,16,5,0,0,6,4,0,0,4,2,1,0.2,8,6,0,0,31,17,1,0.31,0.67,0.5,0.75,0.03,0.55,1.5228,0,"0.0373","Latin America & Caribbean","High income","Americas","Latin America and the Caribbean","South America","Developing",50.84,80.5869756097561,250832362674.151,5.46739003018868,4.09
"37","CHL",2012,"Chile","CHL",32,16,5,0,0,6,4,0,0,4,2,1,0.2,8,6,0,0,31,17,1,0.31,0.67,0.5,0.75,0.03,0.55,1.573,0,"0.0501","Latin America & Caribbean","High income","Americas","Latin America and the Caribbean","South America","Developing",NA,80.8948536585366,265231582123.55,5.31831031764706,4
"38","CHL",2013,"Chile","CHL",32,16,5,0,0,6,4,0,0,4,2,1,0.2,8,6,0,0,31,17,1,0.31,0.67,0.5,0.75,0.03,0.55,1.5318,0,"-0.0411","Latin America & Caribbean","High income","Americas","Latin America and the Caribbean","South America","Developing",50.45,81.1979268292683,277078709134.903,5.28876435,3.66
"39","CHL",2014,"Chile","CHL",32,16,5,0,0,6,4,0,0,4,2,1,0.2,8,6,0,0,31,17,1,0.31,0.67,0.5,0.75,0.03,0.55,1.4788,0,"-0.0530","Latin America & Caribbean","High income","Americas","Latin America and the Caribbean","South America","Developing",NA,81.4961951219512,258733363811.966,5.21278802044939,3.82
"40","CHL",2015,"Chile","CHL",32,16,5,0,0,6,4,0,0,4,2,1,0.2,8,6,0,0,31,17,1,0.31,0.67,0.5,0.75,0.03,0.55,1.2588,0,"-0.2200","Latin America & Caribbean","High income","Americas","Latin America and the Caribbean","South America","Developing",NA,NA,240796388428.74,5.03241282540856,4.29
"41","COL",2006,"Colombia","COL",55,15,1,1,0.06,6,0,0,0,4,1,1,0.2,8,0,0,0,30,2,2,0.07,0,0.25,0,0.06,0.07,-0.0994,0.0333,"0.0167","Latin America & Caribbean","Upper middle income","Americas","Latin America and the Caribbean","South America","Developing",NA,72.4914390243902,162590146096.414,3.5296453690878,1.42
"42","COL",2007,"Colombia","COL",55,15,1,1,0.06,6,0,0,0,4,1,1,0.2,8,0,0,0,30,2,2,0.07,0,0.25,0,0.06,0.07,-0.1913,0,"-0.0919","Latin America & Caribbean","Upper middle income","Americas","Latin America and the Caribbean","South America","Developing",NA,72.705512195122,207416494642.379,3.81120401337793,1.93
"43","COL",2008,"Colombia","COL",55,15,4,1,0.06,6,2,0,0,4,2,1,0.2,8,0,0,0,30,8,2,0.27,0.33,0.5,0,0.06,0.27,-0.2189,0.2,"-0.0277","Latin America & Caribbean","Upper middle income","Americas","Latin America and the Caribbean","South America","Developing",56.04,72.9071707317073,243982437870.84,4.08120928426732,2.17
"44","COL",2009,"Colombia","COL",55,15,4,1,0.06,6,2,0,0,4,2,1,0.2,8,0,0,0,30,8,2,0.27,0.33,0.5,0,0.06,0.27,-0.3038,0,"-0.0849","Latin America & Caribbean","Upper middle income","Americas","Latin America and the Caribbean","South America","Developing",55.92,73.0969512195122,233821670544.258,3.63795641046832,2.25
"45","COL",2010,"Colombia","COL",55,15,4,1,0.06,6,2,0,0,4,2,1,0.2,8,0,0,0,30,8,2,0.27,0.33,0.5,0,0.06,0.27,-0.4104,0,"-0.1066","Latin America & Caribbean","Upper middle income","Americas","Latin America and the Caribbean","South America","Developing",55.5,73.2778536585366,287018184637.529,3.48302693837209,2.08
"46","COL",2011,"Colombia","COL",55,15,10,1,0.06,6,4,0,0,4,3,1,0.2,8,6,0,0,30,23,2,0.67,0.67,0.75,0.75,0.06,0.77,-0.3015,0.5,"0.1089","Latin America & Caribbean","Upper middle income","Americas","Latin America and the Caribbean","South America","Developing",54.18,73.4548048780488,335415156702.186,3.50379267439759,2.41
"47","COL",2012,"Colombia","COL",55,15,10,1,0.06,6,4,0,0,4,3,1,0.2,8,6,0,0,30,23,2,0.67,0.67,0.75,0.75,0.06,0.77,-0.4252,0,"-0.1237","Latin America & Caribbean","Upper middle income","Americas","Latin America and the Caribbean","South America","Developing",53.54,73.6307804878049,369659700375.52,3.16602642482269,2.82
"48","COL",2013,"Colombia","COL",55,15,10,1,0.06,6,4,0,0,4,3,1,0.2,8,6,0,0,30,23,2,0.67,0.67,0.75,0.75,0.06,0.77,-0.4303,0,"-0.0051","Latin America & Caribbean","Upper middle income","Americas","Latin America and the Caribbean","South America","Developing",53.49,73.8097317073171,380191881860.372,3.04366139183673,3.15
"49","COL",2014,"Colombia","COL",55,15,10,1,0.06,6,4,0,0,4,3,1,0.2,8,6,0,0,30,23,2,0.67,0.67,0.75,0.75,0.06,0.77,-0.3944,0,"0.0359","Latin America & Caribbean","Upper middle income","Americas","Latin America and the Caribbean","South America","Developing",53.5,73.9931463414634,378416020533.715,2.84107730826166,3
"50","COL",2015,"Colombia","COL",55,15,10,1,0.06,6,4,0,0,4,3,1,0.2,8,6,0,0,30,23,2,0.67,0.67,0.75,0.75,0.06,0.77,-0.2926,0,"0.1018","Latin America & Caribbean","Upper middle income","Americas","Latin America and the Caribbean","South America","Developing",NA,NA,292080155633.31,2.69090908765793,3
"51","CRI",2006,"Costa Rica","CRI",101,14,1,2,0.13,5,0,1,0.17,5,0,0,0,7,0,1,0.13,28,1,4,0.07,0,0,0,0.13,0.04,0.3402,0,"-0.0459","Latin America & Caribbean","Upper middle income","Americas","Latin America and the Caribbean","Central America","Developing",49.31,78.2078048780488,22600431878.0024,5.0647817047817,0.9
"52","CRI",2007,"Costa Rica","CRI",101,14,1,2,0.13,5,0,1,0.17,5,0,0,0,7,0,1,0.13,28,1,4,0.07,0,0,0,0.13,0.04,0.4067,0,"0.0665","Latin America & Caribbean","Upper middle income","Americas","Latin America and the Caribbean","Central America","Developing",49.49,78.3303170731707,26743874286.8514,5.07678881602269,1.27
"53","CRI",2008,"Costa Rica","CRI",101,14,12,2,0.13,5,1,1,0.17,5,2,0,0,7,5,1,0.13,28,20,4,0.86,0.2,0.4,0.71,0.13,0.71,0.4439,0.6786,"0.0372","Latin America & Caribbean","Upper middle income","Americas","Latin America and the Caribbean","Central America","Developing",49.14,78.4577317073171,30612932802.8991,5.21896016910299,1.71
"54","CRI",2009,"Costa Rica","CRI",101,14,12,2,0.13,5,1,1,0.17,5,2,0,0,7,5,1,0.13,28,20,4,0.86,0.2,0.4,0.71,0.13,0.71,0.6785,0,"0.2346","Latin America & Caribbean","Upper middle income","Americas","Latin America and the Caribbean","Central America","Developing",50.97,78.5926097560976,30562361151.812,5.31633868421053,1.74
"55","CRI",2010,"Costa Rica","CRI",101,14,12,2,0.13,5,1,1,0.17,5,2,0,0,7,5,1,0.13,28,20,4,0.86,0.2,0.4,0.71,0.13,0.71,0.6411,0,"-0.0374","Latin America & Caribbean","Upper middle income","Americas","Latin America and the Caribbean","Central America","Developing",48.1,78.7360487804878,37268635328.7341,5.2772804,2.26
"56","CRI",2011,"Costa Rica","CRI",101,14,12,2,0.13,5,1,1,0.17,5,2,0,0,7,5,1,0.13,28,20,4,0.86,0.2,0.4,0.71,0.13,0.71,0.5882,0,"-0.0529","Latin America & Caribbean","Upper middle income","Americas","Latin America and the Caribbean","Central America","Developing",48.6,78.8901707317073,42262697853.6349,4.87536372340426,1.42
"57","CRI",2012,"Costa Rica","CRI",101,14,12,2,0.13,5,1,1,0.17,5,2,0,0,7,5,1,0.13,28,20,4,0.86,0.2,0.4,0.71,0.13,0.71,0.592,0,"0.0038","Latin America & Caribbean","Upper middle income","Americas","Latin America and the Caribbean","Central America","Developing",48.61,79.0535365853659,46473128236.8416,4.6659242880829,1.42
"58","CRI",2013,"Costa Rica","CRI",101,14,12,2,0.13,5,1,1,0.17,5,2,0,0,7,5,1,0.13,28,20,4,0.86,0.2,0.4,0.71,0.13,0.71,0.6012,0,"0.0092","Latin America & Caribbean","Upper middle income","Americas","Latin America and the Caribbean","Central America","Developing",49.18,79.2252195121951,49639737973.791,4.81867057156863,1.61
"59","CRI",2014,"Costa Rica","CRI",101,14,12,2,0.13,5,1,1,0.17,5,2,0,0,7,5,1,0.13,28,20,4,0.86,0.2,0.4,0.71,0.13,0.71,0.7301,0,"0.1289","Latin America & Caribbean","Upper middle income","Americas","Latin America and the Caribbean","Central America","Developing",48.53,79.4027073170732,50167623289.763,5.03977477625978,1.72
"60","CRI",2015,"Costa Rica","CRI",101,14,12,2,0.13,5,1,1,0.17,5,2,0,0,7,5,1,0.13,28,20,4,0.86,0.2,0.4,0.71,0.13,0.71,0.7073,0,"-0.0228","Latin America & Caribbean","Upper middle income","Americas","Latin America and the Caribbean","Central America","Developing",NA,NA,54136834090.867,5.07703332625373,1.82
"61","DOM",2006,"Dominican Republic","DOM",34,16,4,0,0,6,2,0,0,5,2,0,0,7,1,1,0.13,31,9,1,0.25,0.33,0.4,0.14,0.03,0.29,-0.6362,0,"-0.0471","Latin America & Caribbean","Upper middle income","Americas","Latin America and the Caribbean","Caribbean","Developing",51.9,71.9168292682927,35952845582.5029,2.99006064343715,3.06
"62","DOM",2007,"Dominican Republic","DOM",34,16,4,0,0,6,2,0,0,5,2,0,0,7,1,1,0.13,31,9,1,0.25,0.33,0.4,0.14,0.03,0.29,-0.6885,0,"-0.0523","Latin America & Caribbean","Upper middle income","Americas","Latin America and the Caribbean","Caribbean","Developing",48.69,72.1313170731707,44169678153.1566,3.26509723230856,3.88
"63","DOM",2008,"Dominican Republic","DOM",34,16,4,0,0,6,2,0,0,5,2,0,0,7,1,1,0.13,31,9,1,0.25,0.33,0.4,0.14,0.03,0.29,-0.6693,0,"0.0192","Latin America & Caribbean","Upper middle income","Americas","Latin America and the Caribbean","Caribbean","Developing",49,72.3423170731707,48288967303.4896,3.03389627702668,4.87
"64","DOM",2009,"Dominican Republic","DOM",34,16,4,0,0,6,2,0,0,5,2,0,0,7,1,1,0.13,31,9,1,0.25,0.33,0.4,0.14,0.03,0.29,-0.7267,0,"-0.0574","Latin America & Caribbean","Upper middle income","Americas","Latin America and the Caribbean","Caribbean","Developing",48.86,72.5483170731707,48376555305.6902,3.2952831,3.46
"65","DOM",2010,"Dominican Republic","DOM",34,16,4,0,0,6,2,0,0,5,2,0,0,7,1,1,0.13,31,9,1,0.25,0.33,0.4,0.14,0.03,0.29,-0.8076,0,"-0.0809","Latin America & Caribbean","Upper middle income","Americas","Latin America and the Caribbean","Caribbean","Developing",47.2,72.7498048780488,53954579003.5277,3.06535601153846,3.55
"66","DOM",2011,"Dominican Republic","DOM",34,16,4,0,0,6,2,0,0,5,2,0,0,7,1,1,0.13,31,9,1,0.25,0.33,0.4,0.14,0.03,0.29,-0.7608,0,"0.0468","Latin America & Caribbean","Upper middle income","Americas","Latin America and the Caribbean","Caribbean","Developing",47.4,72.9452926829268,57746684847.0898,2.69246532783505,3.09
"67","DOM",2012,"Dominican Republic","DOM",34,16,4,0,0,6,2,0,0,5,2,0,0,7,1,1,0.13,31,9,1,0.25,0.33,0.4,0.14,0.03,0.29,-0.8036,0,"-0.0428","Latin America & Caribbean","Upper middle income","Americas","Latin America and the Caribbean","Caribbean","Developing",45.68,73.1353170731707,60613645121.3529,2.58465687586207,5.59
"68","DOM",2013,"Dominican Republic","DOM",34,16,4,0,0,6,2,0,0,5,2,0,0,7,1,1,0.13,31,9,1,0.25,0.33,0.4,0.14,0.03,0.29,-0.8279,0,"-0.0243","Latin America & Caribbean","Upper middle income","Americas","Latin America and the Caribbean","Caribbean","Developing",47.07,73.3199024390244,61965942056.6828,2.37931373809524,3.26
"69","DOM",2014,"Dominican Republic","DOM",34,16,4,0,0,6,2,0,0,5,2,0,0,7,1,1,0.13,31,9,1,0.25,0.33,0.4,0.14,0.03,0.29,-0.7901,0,"0.0378","Latin America & Caribbean","Upper middle income","Americas","Latin America and the Caribbean","Caribbean","Developing",NA,73.5000243902439,65231032303.2418,2.48641150125712,2.69
"70","DOM",2015,"Dominican Republic","DOM",34,16,4,0,0,6,2,0,0,5,2,0,0,7,1,1,0.13,31,9,1,0.25,0.33,0.4,0.14,0.03,0.29,-0.7696,0,"0.0205","Latin America & Caribbean","Upper middle income","Americas","Latin America and the Caribbean","Caribbean","Developing",NA,NA,68102618092.1031,2.59131108050724,2.81
"71","ECU",2006,"Ecuador","ECU",85,16,0,0,0,5,0,1,0.17,4,1,1,0.2,7,0,1,0.13,29,1,3,0,0,0.25,0,0.09,0.03,-0.8278,0,"-0.0806","Latin America & Caribbean","Upper middle income","Americas","Latin America and the Caribbean","South America","Developing",53.2,74.3202195121951,46802044000,1.7327479283614,3.57
"72","ECU",2007,"Ecuador","ECU",85,16,0,0,0,5,0,1,0.17,4,1,1,0.2,7,0,1,0.13,29,1,3,0,0,0.25,0,0.09,0.03,-0.893,0,"-0.0652","Latin America & Caribbean","Upper middle income","Americas","Latin America and the Caribbean","South America","Developing",54.33,74.4950243902439,51007777000,2.04281418839558,5.15
"73","ECU",2008,"Ecuador","ECU",85,16,13,0,0,5,3,1,0.17,4,3,1,0.2,7,6,1,0.13,29,25,3,0.81,0.6,0.75,0.86,0.09,0.86,-0.7868,0.8276,"0.1062","Latin America & Caribbean","Upper middle income","Americas","Latin America and the Caribbean","South America","Developing",50.61,74.6678292682927,61762635000,1.99026844772727,9.6
"74","ECU",2009,"Ecuador","ECU",85,16,13,0,0,5,3,1,0.17,4,3,1,0.2,7,6,1,0.13,29,25,3,0.81,0.6,0.75,0.86,0.09,0.86,-0.8872,0,"-0.1004","Latin America & Caribbean","Upper middle income","Americas","Latin America and the Caribbean","South America","Developing",49.28,74.8446097560976,62519686000,1.97509236598639,8.45
"75","ECU",2010,"Ecuador","ECU",85,16,13,0,0,5,3,1,0.17,4,3,1,0.2,7,6,1,0.13,29,25,3,0.81,0.6,0.75,0.86,0.09,0.86,-0.8591,0,"0.0281","Latin America & Caribbean","Upper middle income","Americas","Latin America and the Caribbean","South America","Developing",49.25,75.0298048780488,69555367000,1.99428747007874,9.25
"76","ECU",2011,"Ecuador","ECU",85,16,13,0,0,5,3,1,0.17,4,3,1,0.2,7,6,1,0.13,29,25,3,0.81,0.6,0.75,0.86,0.09,0.86,-0.7929,0,"0.0662","Latin America & Caribbean","Upper middle income","Americas","Latin America and the Caribbean","South America","Developing",46.21,75.2264390243903,79276664000,2.30414099591837,10.14
"77","ECU",2012,"Ecuador","ECU",85,16,13,0,0,5,3,1,0.17,4,3,1,0.2,7,6,1,0.13,29,25,3,0.81,0.6,0.75,0.86,0.09,0.86,-0.6647,0,"0.1283","Latin America & Caribbean","Upper middle income","Americas","Latin America and the Caribbean","South America","Developing",46.57,75.433,87924544000,2.45071,10.51
"78","ECU",2013,"Ecuador","ECU",85,16,13,0,0,5,3,1,0.17,4,3,1,0.2,7,6,1,0.13,29,25,3,0.81,0.6,0.75,0.86,0.09,0.86,-0.6125,0,"0.0521","Latin America & Caribbean","Upper middle income","Americas","Latin America and the Caribbean","South America","Developing",47.29,75.648512195122,95129659000,3.1589180484127,12.18
"79","ECU",2014,"Ecuador","ECU",85,16,13,0,0,5,3,1,0.17,4,3,1,0.2,7,6,1,0.13,29,25,3,0.81,0.6,0.75,0.86,0.09,0.86,-0.8166,0,"-0.2041","Latin America & Caribbean","Upper middle income","Americas","Latin America and the Caribbean","South America","Developing",45.38,75.872487804878,102292260000,NA,11.55
"80","ECU",2015,"Ecuador","ECU",85,16,13,0,0,5,3,1,0.17,4,3,1,0.2,7,6,1,0.13,29,25,3,0.81,0.6,0.75,0.86,0.09,0.86,-0.654,0,"0.1626","Latin America & Caribbean","Upper middle income","Americas","Latin America and the Caribbean","South America","Developing",NA,NA,100176808000,2.10526323318481,9.65
"81","GTM",2006,"Guatemala","GTM",58,15,6,1,0.06,6,1,0,0,4,2,1,0.2,8,3,0,0,30,12,2,0.4,0.17,0.5,0.38,0.06,0.4,-0.7554,0.4,"-0.1258","Latin America & Caribbean","Lower middle income","Americas","Latin America and the Caribbean","Central America","Developing",54.89,69.8879024390244,30231141667.5908,2.81623867069486,5.26
"82","GTM",2007,"Guatemala","GTM",58,15,6,1,0.06,6,1,0,0,4,2,1,0.2,8,3,0,0,30,12,2,0.4,0.17,0.5,0.38,0.06,0.4,-0.6979,0,"0.0575","Latin America & Caribbean","Lower middle income","Americas","Latin America and the Caribbean","Central America","Developing",NA,70.1107804878049,34113102014.6358,3.29024046826826,4.81
"83","GTM",2008,"Guatemala","GTM",58,15,6,1,0.06,6,1,0,0,4,2,1,0.2,8,3,0,0,30,12,2,0.4,0.17,0.5,0.38,0.06,0.4,-0.613,0,"0.0849","Latin America & Caribbean","Lower middle income","Americas","Latin America and the Caribbean","Central America","Developing",NA,70.3281463414634,39137157753.2425,3.27367683650616,4.47
"84","GTM",2009,"Guatemala","GTM",58,15,6,1,0.06,6,1,0,0,4,2,1,0.2,8,3,0,0,30,12,2,0.4,0.17,0.5,0.38,0.06,0.4,-0.4751,0,"0.1379","Latin America & Caribbean","Lower middle income","Americas","Latin America and the Caribbean","Central America","Developing",NA,70.5475365853659,37733852002.6442,3.00259697391304,4.07
"85","GTM",2010,"Guatemala","GTM",58,15,6,1,0.06,6,1,0,0,4,2,1,0.2,8,3,0,0,30,12,2,0.4,0.17,0.5,0.38,0.06,0.4,-0.4806,0,"-0.0056","Latin America & Caribbean","Lower middle income","Americas","Latin America and the Caribbean","Central America","Developing",NA,70.7754634146341,41338340406.3129,2.72385554117647,4.12
"86","GTM",2011,"Guatemala","GTM",58,15,8,1,0.06,6,3,0,0,4,2,1,0.2,8,4,0,0,30,17,2,0.53,0.5,0.5,0.5,0.06,0.57,-0.4706,0.1667,"0.0100","Latin America & Caribbean","Lower middle income","Americas","Latin America and the Caribbean","Central America","Developing",52.35,71.0104146341463,47654704787.0678,2.64715426875,3.97
"87","GTM",2012,"Guatemala","GTM",58,15,8,1,0.06,6,3,0,0,4,2,1,0.2,8,4,0,0,30,17,2,0.53,0.5,0.5,0.5,0.06,0.57,-0.6168,0,"-0.1462","Latin America & Caribbean","Lower middle income","Americas","Latin America and the Caribbean","Central America","Developing",NA,71.2493902439025,50388418158.5954,2.85810091180124,3.3
"88","GTM",2013,"Guatemala","GTM",58,15,8,1,0.06,6,3,0,0,4,2,1,0.2,8,4,0,0,30,17,2,0.53,0.5,0.5,0.5,0.06,0.57,-0.5784,0,"0.0384","Latin America & Caribbean","Lower middle income","Americas","Latin America and the Caribbean","Central America","Developing",NA,71.4863902439024,53851075503.9906,3.0268887260355,3
"89","GTM",2014,"Guatemala","GTM",58,15,8,1,0.06,6,3,0,0,4,2,1,0.2,8,4,0,0,30,17,2,0.53,0.5,0.5,0.5,0.06,0.57,-0.7009,0,"-0.1225","Latin America & Caribbean","Lower middle income","Americas","Latin America and the Caribbean","Central America","Developing",48.66,71.7224146341463,58722087391.6801,2.99413078176667,2.94
"90","GTM",2015,"Guatemala","GTM",58,15,8,1,0.06,6,3,0,0,4,2,1,0.2,8,4,0,0,30,17,2,0.53,0.5,0.5,0.5,0.06,0.57,-0.7112,0,"-0.0104","Latin America & Caribbean","Lower middle income","Americas","Latin America and the Caribbean","Central America","Developing",NA,NA,63794152886.0397,2.98170479108702,2.18
"91","HND",2006,"Honduras","HND",36,15,0,1,0.06,6,0,0,0,5,0,0,0,8,0,0,0,31,0,1,0,0,0,0,0.03,0,-0.7518,0,"-0.0128","Latin America & Caribbean","Lower middle income","Americas","Latin America and the Caribbean","Central America","Developing",57.42,71.6724634146342,10841723354.4391,2.41900914634146,3.34
"92","HND",2007,"Honduras","HND",36,15,0,1,0.06,6,0,0,0,5,0,0,0,8,0,0,0,31,0,1,0,0,0,0,0.03,0,-0.6926,0,"0.0592","Latin America & Caribbean","Lower middle income","Americas","Latin America and the Caribbean","Central America","Developing",56.16,71.8587317073171,12275493958.7834,3.01716381783409,4.11
"93","HND",2008,"Honduras","HND",36,15,9,1,0.06,6,3,0,0,5,2,0,0,8,4,0,0,31,18,1,0.6,0.5,0.4,0.5,0.03,0.58,-0.8394,0.5806,"-0.1469","Latin America & Caribbean","Lower middle income","Americas","Latin America and the Caribbean","Central America","Developing",55.74,72.0399756097561,13789727209.7723,3.24104430893162,4.81
"94","HND",2009,"Honduras","HND",36,15,9,1,0.06,6,3,0,0,5,2,0,0,8,4,0,0,31,18,1,0.6,0.5,0.4,0.5,0.03,0.58,-0.8697,0,"-0.0303","Latin America & Caribbean","Lower middle income","Americas","Latin America and the Caribbean","Central America","Developing",51.56,72.2172195121951,14486137413.5468,2.97956385,5.13
"95","HND",2010,"Honduras","HND",36,15,9,1,0.06,6,3,0,0,5,2,0,0,8,4,0,0,31,18,1,0.6,0.5,0.4,0.5,0.03,0.58,-0.8619,0,"0.0078","Latin America & Caribbean","Lower middle income","Americas","Latin America and the Caribbean","Central America","Developing",53.39,72.3939756097561,15729644901.1305,3.11707024652406,3.74
"96","HND",2011,"Honduras","HND",36,15,9,1,0.06,6,3,0,0,5,2,0,0,8,4,0,0,31,18,1,0.6,0.5,0.4,0.5,0.03,0.58,-0.7967,0,"0.0652","Latin America & Caribbean","Lower middle income","Americas","Latin America and the Caribbean","Central America","Developing",57.4,72.5727317073171,17588097149.7619,3.59818163425414,4.62
"97","HND",2012,"Honduras","HND",36,15,9,1,0.06,6,3,0,0,5,2,0,0,8,4,0,0,31,18,1,0.6,0.5,0.4,0.5,0.03,0.58,-0.9488,0,"-0.1521","Latin America & Caribbean","Lower middle income","Americas","Latin America and the Caribbean","Central America","Developing",57.4,72.7550243902439,18400538970.1119,3.76336983859649,4.61
"98","HND",2013,"Honduras","HND",36,15,9,1,0.06,6,3,0,0,5,2,0,0,8,4,0,0,31,18,1,0.6,0.5,0.4,0.5,0.03,0.58,-0.9592,0,"-0.0104","Latin America & Caribbean","Lower middle income","Americas","Latin America and the Caribbean","Central America","Developing",53.67,72.9428536585366,18372173610.6685,2.96886816737589,5.23
"99","HND",2014,"Honduras","HND",36,15,9,1,0.06,6,3,0,0,5,2,0,0,8,4,0,0,31,18,1,0.6,0.5,0.4,0.5,0.03,0.58,-0.7874,0,"0.1718","Latin America & Caribbean","Lower middle income","Americas","Latin America and the Caribbean","Central America","Developing",50.64,73.1357073170732,19380958759.0497,2.82835429754227,5.19
"100","HND",2015,"Honduras","HND",36,15,9,1,0.06,6,3,0,0,5,2,0,0,8,4,0,0,31,18,1,0.6,0.5,0.4,0.5,0.03,0.58,-0.5669,0,"0.2205","Latin America & Caribbean","Lower middle income","Americas","Latin America and the Caribbean","Central America","Developing",NA,NA,20420967148.9362,3.34153554563839,4.74
"101","HTI",2006,"Haiti","HTI",160,6,0,10,0.63,6,0,0,0,4,0,1,0.2,7,0,1,0.13,20,0,12,0,0,0,0,0.38,0,-1.3331,0,"0.1098","Latin America & Caribbean","Low income","Americas","Latin America and the Caribbean","Caribbean","Developing",NA,59.5674146341464,4756204069.61876,NA,0.93
"102","HTI",2007,"Haiti","HTI",160,6,3,10,0.63,6,3,0,0,4,1,1,0.2,7,5,1,0.13,20,12,12,0.5,0.5,0.25,0.71,0.38,0.6,-1.3075,0.6,"0.0256","Latin America & Caribbean","Low income","Americas","Latin America and the Caribbean","Caribbean","Developing",NA,59.9773902439024,5885321655.91684,NA,2.75
"103","HTI",2008,"Haiti","HTI",160,6,3,10,0.63,6,3,0,0,4,1,1,0.2,7,5,1,0.13,20,12,12,0.5,0.5,0.25,0.71,0.38,0.6,-1.2162,0,"0.0913","Latin America & Caribbean","Low income","Americas","Latin America and the Caribbean","Caribbean","Developing",NA,60.3979756097561,6548531998.42373,NA,2.41
"104","HTI",2009,"Haiti","HTI",160,6,3,10,0.63,6,3,0,0,4,1,1,0.2,7,5,1,0.13,20,12,12,0.5,0.5,0.25,0.71,0.38,0.6,-1.1008,0,"0.1154","Latin America & Caribbean","Low income","Americas","Latin America and the Caribbean","Caribbean","Developing",NA,60.8222195121951,6584642675.34367,NA,2.22
"105","HTI",2010,"Haiti","HTI",160,6,3,10,0.63,6,3,0,0,4,1,1,0.2,7,5,1,0.13,20,12,12,0.5,0.5,0.25,0.71,0.38,0.6,-1.206,0,"-0.1052","Latin America & Caribbean","Low income","Americas","Latin America and the Caribbean","Caribbean","Developing",NA,61.2401219512195,6622540159.47531,NA,4.27
"106","HTI",2011,"Haiti","HTI",160,6,3,10,0.63,6,3,0,0,4,1,1,0.2,7,5,1,0.13,20,12,12,0.5,0.5,0.25,0.71,0.38,0.6,-1.2243,0,"-0.0183","Latin America & Caribbean","Low income","Americas","Latin America and the Caribbean","Caribbean","Developing",NA,61.6451951219512,7516829496.06138,1.737085,2.31
"107","HTI",2012,"Haiti","HTI",160,6,3,10,0.63,6,3,0,0,4,1,1,0.2,7,5,1,0.13,20,12,12,0.5,0.5,0.25,0.71,0.38,0.6,-1.2407,0,"-0.0164","Latin America & Caribbean","Low income","Americas","Latin America and the Caribbean","Caribbean","Developing",60.79,62.0333902439024,7890215895.68701,1.8183454084507,3.75
"108","HTI",2013,"Haiti","HTI",160,6,3,10,0.63,6,3,0,0,4,1,1,0.2,7,5,1,0.13,20,12,12,0.5,0.5,0.25,0.71,0.38,0.6,-1.1597,0,"0.0810","Latin America & Caribbean","Low income","Americas","Latin America and the Caribbean","Caribbean","Developing",NA,62.4011463414634,8452517482.5105,2.03545721467391,3.69
"109","HTI",2014,"Haiti","HTI",160,6,3,10,0.63,6,3,0,0,4,1,1,0.2,7,5,1,0.13,20,12,12,0.5,0.5,0.25,0.71,0.38,0.6,-1.2512,0,"-0.0915","Latin America & Caribbean","Low income","Americas","Latin America and the Caribbean","Caribbean","Developing",NA,62.7474390243902,8791599111.2376,2.13956944706726,1.89
"110","HTI",2015,"Haiti","HTI",160,6,3,10,0.63,6,3,0,0,4,1,1,0.2,7,5,1,0.13,20,12,12,0.5,0.5,0.25,0.71,0.38,0.6,-1.2573,0,"-0.0061","Latin America & Caribbean","Low income","Americas","Latin America and the Caribbean","Caribbean","Developing",NA,NA,8765329889.9646,2.65123930106292,1.44
"111","MEX",2006,"Mexico","MEX",124,12,0,4,0.25,5,0,1,0.17,5,0,0,0,8,0,0,0,27,0,5,0,0,0,0,0.16,0,-0.2525,0,"0.0282","Latin America & Caribbean","Upper middle income","Americas","Latin America and the Caribbean","Central America","Developing",48.01,75.4387804878049,965281191371.844,3.56965939413618,2.62
"112","MEX",2007,"Mexico","MEX",124,12,9,4,0.25,5,3,1,0.17,5,3,0,0,8,4,0,0,27,19,5,0.75,0.6,0.6,0.5,0.16,0.7,-0.2656,0.7037,"-0.0131","Latin America & Caribbean","Upper middle income","Americas","Latin America and the Caribbean","Central America","Developing",NA,75.5879268292683,1043471321169.09,3.5810865045269,2.91
"113","MEX",2008,"Mexico","MEX",124,12,9,4,0.25,5,3,1,0.17,5,3,0,0,8,4,0,0,27,19,5,0.75,0.6,0.6,0.5,0.16,0.7,-0.2429,0,"0.0227","Latin America & Caribbean","Upper middle income","Americas","Latin America and the Caribbean","Central America","Developing",48.23,75.7324634146342,1101275278668.79,3.41222574701143,3.47
"114","MEX",2009,"Mexico","MEX",124,12,9,4,0.25,5,3,1,0.17,5,3,0,0,8,4,0,0,27,19,5,0.75,0.6,0.6,0.5,0.16,0.7,-0.3013,0,"-0.0583","Latin America & Caribbean","Upper middle income","Americas","Latin America and the Caribbean","Central America","Developing",NA,75.8774146341463,894948748436.748,3.23774505286344,2.59
"115","MEX",2010,"Mexico","MEX",124,12,9,4,0.25,5,3,1,0.17,5,3,0,0,8,4,0,0,27,19,5,0.75,0.6,0.6,0.5,0.16,0.7,-0.3694,0,"-0.0681","Latin America & Caribbean","Upper middle income","Americas","Latin America and the Caribbean","Central America","Developing",48.13,76.0267804878049,1051128603513.77,3.21562175403226,2.63
"116","MEX",2011,"Mexico","MEX",124,12,9,4,0.25,5,3,1,0.17,5,3,0,0,8,4,0,0,27,19,5,0.75,0.6,0.6,0.5,0.16,0.7,-0.4,0,"-0.0307","Latin America & Caribbean","Upper middle income","Americas","Latin America and the Caribbean","Central America","Developing",NA,76.1856585365854,1171187519660.64,3.24259912857143,2.68
"117","MEX",2012,"Mexico","MEX",124,12,9,4,0.25,5,3,1,0.17,5,3,0,0,8,4,0,0,27,19,5,0.75,0.6,0.6,0.5,0.16,0.7,-0.4076,0,"-0.0076","Latin America & Caribbean","Upper middle income","Americas","Latin America and the Caribbean","Central America","Developing",48.07,76.3540975609756,1186598324461.82,3.3644231335443,2.48
"118","MEX",2013,"Mexico","MEX",124,12,9,4,0.25,5,3,1,0.17,5,3,0,0,8,4,0,0,27,19,5,0.75,0.6,0.6,0.5,0.16,0.7,-0.4727,0,"-0.0651","Latin America & Caribbean","Upper middle income","Americas","Latin America and the Caribbean","Central America","Developing",NA,76.5326585365854,1261981728468.52,3.34806136220736,3.14
"119","MEX",2014,"Mexico","MEX",124,12,9,4,0.25,5,3,1,0.17,5,3,0,0,8,7,0,0,27,22,5,0.75,0.6,0.6,0.88,0.16,0.81,-0.7313,0.1111,"-0.2586","Latin America & Caribbean","Upper middle income","Americas","Latin America and the Caribbean","Central America","Developing",48.21,76.7218536585366,1298175699755.5,3.1979045514752,2.9
"120","MEX",2015,"Mexico","MEX",124,12,9,4,0.25,5,3,1,0.17,5,3,0,0,8,7,0,0,27,22,5,0.75,0.6,0.6,0.88,0.16,0.81,-0.7421,0,"-0.0108","Latin America & Caribbean","Upper middle income","Americas","Latin America and the Caribbean","Central America","Developing",NA,NA,1143793184190.1,3.1742305619376,3.3
"121","NIC",2006,"Nicaragua","NIC",39,15,2,1,0.06,6,3,0,0,5,2,0,0,8,3,0,0,31,10,1,0.13,0.5,0.4,0.38,0.03,0.32,-0.6739,0,"-0.0697","Latin America & Caribbean","Lower middle income","Americas","Latin America and the Caribbean","Central America","Developing",NA,72.2130243902439,6786294637.33603,1.36653244565653,5.35
"122","NIC",2007,"Nicaragua","NIC",39,15,2,1,0.06,6,3,0,0,5,2,0,0,8,3,0,0,31,10,1,0.13,0.5,0.4,0.38,0.03,0.32,-0.765,0,"-0.0911","Latin America & Caribbean","Lower middle income","Americas","Latin America and the Caribbean","Central America","Developing",NA,72.5716585365854,7458103361.63737,1.57702315899037,5.19
"123","NIC",2008,"Nicaragua","NIC",39,15,2,1,0.06,6,3,0,0,5,2,0,0,8,3,0,0,31,10,1,0.13,0.5,0.4,0.38,0.03,0.32,-0.7544,0,"0.0106","Latin America & Caribbean","Lower middle income","Americas","Latin America and the Caribbean","Central America","Developing",NA,72.9184146341464,8491388728.5018,1.76709928275862,4.24
"124","NIC",2009,"Nicaragua","NIC",39,15,2,1,0.06,6,3,0,0,5,2,0,0,8,3,0,0,31,10,1,0.13,0.5,0.4,0.38,0.03,0.32,-0.7294,0,"0.0250","Latin America & Caribbean","Lower middle income","Americas","Latin America and the Caribbean","Central America","Developing",45.73,73.2547804878049,8380731879.74635,2.17517809878049,3.9
"125","NIC",2010,"Nicaragua","NIC",39,15,2,1,0.06,6,3,0,0,5,2,0,0,8,3,0,0,31,10,1,0.13,0.5,0.4,0.38,0.03,0.32,-0.7733,0,"-0.0439","Latin America & Caribbean","Lower middle income","Americas","Latin America and the Caribbean","Central America","Developing",NA,73.5817317073171,8741313140.24883,2.08609535,3.87
"126","NIC",2011,"Nicaragua","NIC",39,15,2,1,0.06,6,3,0,0,5,2,0,0,8,3,0,0,31,10,1,0.13,0.5,0.4,0.38,0.03,0.32,-0.7371,0,"0.0362","Latin America & Caribbean","Lower middle income","Americas","Latin America and the Caribbean","Central America","Developing",NA,73.9012926829269,9755619760.14614,1.80272931875,3.5
"127","NIC",2012,"Nicaragua","NIC",39,15,2,1,0.06,6,3,0,0,5,2,0,0,8,3,0,0,31,10,1,0.13,0.5,0.4,0.38,0.03,0.32,-0.7804,0,"-0.0433","Latin America & Caribbean","Lower middle income","Americas","Latin America and the Caribbean","Central America","Developing",NA,74.2124634146341,10438842115.6263,2.21837198235294,3.74
"128","NIC",2013,"Nicaragua","NIC",39,15,2,1,0.06,6,3,0,0,5,2,0,0,8,3,0,0,31,10,1,0.13,0.5,0.4,0.38,0.03,0.32,-0.7338,0,"0.0466","Latin America & Caribbean","Lower middle income","Americas","Latin America and the Caribbean","Central America","Developing",NA,74.514756097561,10874735110.8237,2.63744040273973,3.84
"129","NIC",2014,"Nicaragua","NIC",39,15,2,1,0.06,6,3,0,0,5,2,0,0,8,3,0,0,31,10,1,0.13,0.5,0.4,0.38,0.03,0.32,-0.8864,0,"-0.1526","Latin America & Caribbean","Lower middle income","Americas","Latin America and the Caribbean","Central America","Developing",47.05,74.8101463414634,11790221756.2778,2.25171100438189,4.04
"130","NIC",2015,"Nicaragua","NIC",39,15,2,1,0.06,6,3,0,0,5,2,0,0,8,3,0,0,31,10,1,0.13,0.5,0.4,0.38,0.03,0.32,-0.8743,0,"0.0121","Latin America & Caribbean","Lower middle income","Americas","Latin America and the Caribbean","Central America","Developing",NA,NA,12692562187.4933,1.67869048118591,4.51
"131","PAN",2006,"Panama","PAN",142,15,7,1,0.06,5,2,1,0.17,5,2,0,0,3,1,5,0.63,25,12,7,0.47,0.4,0.4,0.33,0.22,0.48,-0.3593,0,"0.0156","Latin America & Caribbean","Upper middle income","Americas","Latin America and the Caribbean","Central America","Developing",55.06,76.141,18141666302.3493,2.4700361512792,2.39
"132","PAN",2007,"Panama","PAN",142,15,7,1,0.06,5,2,1,0.17,5,2,0,0,3,1,5,0.63,25,12,7,0.47,0.4,0.4,0.33,0.22,0.48,-0.3413,0,"0.0180","Latin America & Caribbean","Upper middle income","Americas","Latin America and the Caribbean","Central America","Developing",52.97,76.3144634146342,2.0958e+10,2.47493114158462,3.8
"133","PAN",2008,"Panama","PAN",142,15,7,1,0.06,5,2,1,0.17,5,2,0,0,3,1,5,0.63,25,12,7,0.47,0.4,0.4,0.33,0.22,0.48,-0.1035,0,"0.2378","Latin America & Caribbean","Upper middle income","Americas","Latin America and the Caribbean","Central America","Developing",52.63,76.4935853658537,24522200000,2.66245015513775,5.27
"134","PAN",2009,"Panama","PAN",142,15,7,1,0.06,5,2,1,0.17,5,2,0,0,3,1,5,0.63,25,12,7,0.47,0.4,0.4,0.33,0.22,0.48,-0.3166,0,"-0.2131","Latin America & Caribbean","Upper middle income","Americas","Latin America and the Caribbean","Central America","Developing",52.03,76.6769512195122,26593500000,2.96436272349727,5.76
"135","PAN",2010,"Panama","PAN",142,15,7,1,0.06,5,2,1,0.17,5,2,0,0,3,1,5,0.63,25,12,7,0.47,0.4,0.4,0.33,0.22,0.48,-0.3507,0,"-0.0342","Latin America & Caribbean","Upper middle income","Americas","Latin America and the Caribbean","Central America","Developing",51.91,76.8636341463415,28917200000,2.50943375555556,6.84
"136","PAN",2011,"Panama","PAN",142,15,7,1,0.06,5,2,1,0.17,5,2,0,0,3,1,5,0.63,25,12,7,0.47,0.4,0.4,0.33,0.22,0.48,-0.3393,0,"0.0115","Latin America & Caribbean","Upper middle income","Americas","Latin America and the Caribbean","Central America","Developing",51.83,77.0516829268293,34373820484.9739,2.10883036385542,7.31
"137","PAN",2012,"Panama","PAN",142,15,7,1,0.06,5,2,1,0.17,5,2,0,0,3,1,5,0.63,25,12,7,0.47,0.4,0.4,0.33,0.22,0.48,-0.3798,0,"-0.0406","Latin America & Caribbean","Upper middle income","Americas","Latin America and the Caribbean","Central America","Developing",51.9,77.2370487804878,39954761232.6898,2.29088384494382,7.4
"138","PAN",2013,"Panama","PAN",142,15,7,1,0.06,5,2,1,0.17,5,2,0,0,3,1,5,0.63,25,12,7,0.47,0.4,0.4,0.33,0.22,0.48,-0.3589,0,"0.0209","Latin America & Caribbean","Upper middle income","Americas","Latin America and the Caribbean","Central America","Developing",51.66,77.4192195121951,44856189494.1064,2.69664686920152,8.51
"139","PAN",2014,"Panama","PAN",142,15,7,1,0.06,5,2,1,0.17,5,2,0,0,3,1,5,0.63,25,12,7,0.47,0.4,0.4,0.33,0.22,0.48,-0.3547,0,"0.0042","Latin America & Caribbean","Upper middle income","Americas","Latin America and the Caribbean","Central America","Developing",50.7,77.5951463414634,49165773079.2072,2.7078834752797,6.83
"140","PAN",2015,"Panama","PAN",142,15,7,1,0.06,5,2,1,0.17,5,2,0,0,3,1,5,0.63,25,12,7,0.47,0.4,0.4,0.33,0.22,0.48,-0.3432,0,"0.0115","Latin America & Caribbean","Upper middle income","Americas","Latin America and the Caribbean","Central America","Developing",NA,NA,52132289747.1731,2.64969419834766,6.25
"141","PER",2006,"Peru","PER",41,15,7,1,0.06,6,1,0,0,5,1,0,0,8,4,0,0,31,13,1,0.47,0.17,0.2,0.5,0.03,0.42,-0.2127,0,"0.1459","Latin America & Caribbean","Upper middle income","Americas","Latin America and the Caribbean","South America","Developing",51.67,72.7434390243903,88643193061.748,1.98834780414404,2.06
"142","PER",2007,"Peru","PER",41,15,7,1,0.06,6,1,0,0,5,1,0,0,8,4,0,0,31,13,1,0.47,0.17,0.2,0.5,0.03,0.42,-0.2662,0,"-0.0536","Latin America & Caribbean","Upper middle income","Americas","Latin America and the Caribbean","South America","Developing",51.35,72.9969512195122,102170981144.136,2.19332795190113,2.26
"143","PER",2008,"Peru","PER",41,15,8,1,0.06,6,1,0,0,5,2,0,0,8,5,0,0,31,16,1,0.53,0.17,0.4,0.63,0.03,0.52,-0.2022,0.0968,"0.0641","Latin America & Caribbean","Upper middle income","Americas","Latin America and the Caribbean","South America","Developing",48.55,73.2250243902439,120550599815.441,2.72765608190683,2.52
"144","PER",2009,"Peru","PER",41,15,8,1,0.06,6,1,0,0,5,2,0,0,8,5,0,0,31,16,1,0.53,0.17,0.4,0.63,0.03,0.52,-0.3408,0,"-0.1387","Latin America & Caribbean","Upper middle income","Americas","Latin America and the Caribbean","South America","Developing",47.96,73.4361463414634,120822986521.479,2.85596350057803,3.97
"145","PER",2010,"Peru","PER",41,15,8,1,0.06,6,1,0,0,5,2,0,0,8,5,0,0,31,16,1,0.53,0.17,0.4,0.63,0.03,0.52,-0.2498,0,"0.0911","Latin America & Caribbean","Upper middle income","Americas","Latin America and the Caribbean","South America","Developing",46.21,73.6398048780488,147492391535.14,2.61352286571429,4.54
"146","PER",2011,"Peru","PER",41,15,8,1,0.06,6,1,0,0,5,2,0,0,8,5,0,0,31,16,1,0.53,0.17,0.4,0.63,0.03,0.52,-0.2486,0,"0.0011","Latin America & Caribbean","Upper middle income","Americas","Latin America and the Caribbean","South America","Developing",45.48,73.8449756097561,171724325697.898,2.61756085172414,4.31
"147","PER",2012,"Peru","PER",41,15,8,1,0.06,6,1,0,0,5,2,0,0,8,5,0,0,31,16,1,0.53,0.17,0.4,0.63,0.03,0.52,-0.3934,0,"-0.1447","Latin America & Caribbean","Upper middle income","Americas","Latin America and the Caribbean","South America","Developing",45.11,74.0576585365854,192605185353.65,2.48342330643275,4.41
"148","PER",2013,"Peru","PER",41,15,8,1,0.06,6,1,0,0,5,2,0,0,8,5,0,0,31,16,1,0.53,0.17,0.4,0.63,0.03,0.52,-0.4361,0,"-0.0428","Latin America & Caribbean","Upper middle income","Americas","Latin America and the Caribbean","South America","Developing",44.73,74.2838536585366,201150658576.291,2.53846130740741,4.72
"149","PER",2014,"Peru","PER",41,15,8,1,0.06,6,1,0,0,5,2,0,0,8,5,0,0,31,16,1,0.53,0.17,0.4,0.63,0.03,0.52,-0.5919,0,"-0.1558","Latin America & Caribbean","Upper middle income","Americas","Latin America and the Caribbean","South America","Developing",44.14,74.5255365853659,201021342537.156,2.47045245410444,4.84
"150","PER",2015,"Peru","PER",41,15,11,1,0.06,6,3,0,0,5,2,0,0,8,7,0,0,31,23,1,0.73,0.5,0.4,0.88,0.03,0.74,-0.597,0.2258,"-0.0051","Latin America & Caribbean","Upper middle income","Americas","Latin America and the Caribbean","South America","Developing",NA,NA,189111139010.075,2.79911156852137,4.87
"151","PRY",2006,"Paraguay","PRY",148,10,1,6,0.38,6,0,0,0,3,0,2,0.4,8,0,0,0,24,1,8,0.1,0,0,0,0.25,0.04,-1.1875,0,"0.2150","Latin America & Caribbean","Upper middle income","Americas","Latin America and the Caribbean","South America","Developing",53.63,71.4918536585366,10646157920.3209,1.55221576396145,3.49
"152","PRY",2007,"Paraguay","PRY",148,10,1,6,0.38,6,0,0,0,3,0,2,0.4,8,0,0,0,24,1,8,0.1,0,0,0,0.25,0.04,-1.249,0,"-0.0615","Latin America & Caribbean","Upper middle income","Americas","Latin America and the Caribbean","South America","Developing",52.09,71.6948292682927,13794910633.8518,1.54838940999121,3.11
"153","PRY",2008,"Paraguay","PRY",148,10,1,6,0.38,6,0,0,0,3,0,2,0.4,8,0,0,0,24,1,8,0.1,0,0,0,0.25,0.04,-1.0068,0,"0.2422","Latin America & Caribbean","Upper middle income","Americas","Latin America and the Caribbean","South America","Developing",51.04,71.8988292682927,18504130752.9922,1.45068102980769,2.45
"154","PRY",2009,"Paraguay","PRY",148,10,1,6,0.38,6,0,0,0,3,0,2,0.4,8,0,0,0,24,1,8,0.1,0,0,0,0.25,0.04,-0.8272,0,"0.1796","Latin America & Caribbean","Upper middle income","Americas","Latin America and the Caribbean","South America","Developing",49.67,72.1023170731707,15929902138.1363,1.57341038765432,4.03
"155","PRY",2010,"Paraguay","PRY",148,10,1,6,0.38,6,0,0,0,3,0,2,0.4,8,0,0,0,24,1,8,0.1,0,0,0,0.25,0.04,-0.7408,0,"0.0864","Latin America & Caribbean","Upper middle income","Americas","Latin America and the Caribbean","South America","Developing",51.83,72.3012926829268,20030528042.9171,1.69956837204724,3.3
"156","PRY",2011,"Paraguay","PRY",148,10,1,6,0.38,6,0,0,0,3,0,2,0.4,8,0,0,0,24,1,8,0.1,0,0,0,0.25,0.04,-0.713,0,"0.0278","Latin America & Caribbean","Upper middle income","Americas","Latin America and the Caribbean","South America","Developing",52.6,72.4871951219512,25099681460.8943,1.77777370639269,3.77
"157","PRY",2012,"Paraguay","PRY",148,10,1,6,0.38,6,0,0,0,3,0,2,0.4,8,0,0,0,24,1,8,0.1,0,0,0,0.25,0.04,-0.8456,0,"-0.1326","Latin America & Caribbean","Upper middle income","Americas","Latin America and the Caribbean","South America","Developing",48.17,72.654,24595319573.7548,1.85918582528736,4.67
"158","PRY",2013,"Paraguay","PRY",148,10,1,6,0.38,6,0,0,0,3,0,2,0.4,8,0,0,0,24,1,8,0.1,0,0,0,0.25,0.04,-1.0453,0,"-0.1997","Latin America & Caribbean","Upper middle income","Americas","Latin America and the Caribbean","South America","Developing",48.3,72.7991707317073,28965906502.2306,1.71344694202899,3.77
"159","PRY",2014,"Paraguay","PRY",148,10,1,6,0.38,6,0,0,0,3,0,2,0.4,8,0,0,0,24,1,8,0.1,0,0,0,0.25,0.04,-0.9978,0,"0.0476","Latin America & Caribbean","Upper middle income","Americas","Latin America and the Caribbean","South America","Developing",51.67,72.9217073170732,30881166852.3116,1.64850111089182,3.65
"160","PRY",2015,"Paraguay","PRY",148,10,1,6,0.38,6,0,0,0,3,0,2,0.4,8,0,0,0,24,1,8,0.1,0,0,0,0.25,0.04,-0.9403,0,"0.0575","Latin America & Caribbean","Upper middle income","Americas","Latin America and the Caribbean","South America","Developing",NA,NA,27093938619.3333,1.9519989588947,4.12
"161","SLV",2006,"El Salvador","SLV",133,13,0,3,0.19,6,1,0,0,5,0,0,0,5,0,3,0.38,26,1,6,0,0.17,0,0,0.19,0.04,-0.1952,0,"0.2175","Latin America & Caribbean","Lower middle income","Americas","Latin America and the Caribbean","Central America","Developing",45.44,70.4791707317073,18550700000,2.95691336633663,2.67
"162","SLV",2007,"El Salvador","SLV",133,13,0,3,0.19,6,1,0,0,5,0,0,0,5,0,3,0.38,26,1,6,0,0.17,0,0,0.19,0.04,-0.2968,0,"-0.1016","Latin America & Caribbean","Lower middle income","Americas","Latin America and the Caribbean","Central America","Developing",45.24,70.7804634146342,20104900000,3.10673754152824,2.64
"163","SLV",2008,"El Salvador","SLV",133,13,0,3,0.19,6,2,0,0,5,2,0,0,5,0,3,0.38,26,4,6,0,0.33,0.4,0,0.19,0.15,-0.289,0.1154,"0.0078","Latin America & Caribbean","Lower middle income","Americas","Latin America and the Caribbean","Central America","Developing",46.65,71.0807804878049,2.1431e+10,3.15415192857143,2.82
"164","SLV",2009,"El Salvador","SLV",133,13,0,3,0.19,6,2,0,0,5,2,0,0,5,0,3,0.38,26,4,6,0,0.33,0.4,0,0.19,0.15,-0.1935,0,"0.0956","Latin America & Caribbean","Lower middle income","Americas","Latin America and the Caribbean","Central America","Developing",45.93,71.3781463414634,2.0661e+10,3.04996387483444,2.92
"165","SLV",2010,"El Salvador","SLV",133,13,0,3,0.19,6,2,0,0,5,2,0,0,5,0,3,0.38,26,4,6,0,0.33,0.4,0,0.19,0.15,-0.2303,0,"-0.0368","Latin America & Caribbean","Lower middle income","Americas","Latin America and the Caribbean","Central America","Developing",44.53,71.6706097560976,21418300000,2.98601661129032,3.19
"166","SLV",2011,"El Salvador","SLV",133,13,0,3,0.19,6,2,0,0,5,2,0,0,5,0,3,0.38,26,4,6,0,0.33,0.4,0,0.19,0.15,-0.2125,0,"0.0178","Latin America & Caribbean","Lower middle income","Americas","Latin America and the Caribbean","Central America","Developing",42.43,71.9561707317073,2.3139e+10,2.8814839,3.1
"167","SLV",2012,"El Salvador","SLV",133,13,0,3,0.19,6,2,0,0,5,2,0,0,5,0,3,0.38,26,4,6,0,0.33,0.4,0,0.19,0.15,-0.3867,0,"-0.1743","Latin America & Caribbean","Lower middle income","Americas","Latin America and the Caribbean","Central America","Developing",41.8,72.2318536585366,23813600000,2.66572117580645,3.31
"168","SLV",2013,"El Salvador","SLV",133,13,0,3,0.19,6,3,0,0,5,2,0,0,5,0,3,0.38,26,5,6,0,0.5,0.4,0,0.19,0.19,-0.3525,0.0385,"0.0343","Latin America & Caribbean","Lower middle income","Americas","Latin America and the Caribbean","Central America","Developing",43.51,72.4981463414634,24350900000,3.04768461282051,3
"169","SLV",2014,"El Salvador","SLV",133,13,0,3,0.19,6,3,0,0,5,2,0,0,5,0,3,0.38,26,5,6,0,0.5,0.4,0,0.19,0.19,-0.3924,0,"-0.0399","Latin America & Caribbean","Lower middle income","Americas","Latin America and the Caribbean","Central America","Developing",41.84,72.7545609756098,25054200000,3.6138870023912,2.77
"170","SLV",2015,"El Salvador","SLV",133,13,0,3,0.19,6,3,0,0,5,2,0,0,5,0,3,0.38,26,5,6,0,0.5,0.4,0,0.19,0.19,-0.4346,0,"-0.0421","Latin America & Caribbean","Lower middle income","Americas","Latin America and the Caribbean","Central America","Developing",NA,NA,25850200000,3.41814790650418,2.62
"171","URY",2006,"Uruguay","URY",48,15,0,1,0.06,6,2,0,0,5,2,0,0,8,0,0,0,31,4,1,0,0.33,0.4,0,0.03,0.13,1.0358,0,"-0.0034","Latin America & Caribbean","High income","Americas","Latin America and the Caribbean","South America","Developing",47.2,75.7964146341464,19579457966.0538,5.05025393299243,1.41
"172","URY",2007,"Uruguay","URY",48,15,0,1,0.06,6,2,0,0,5,2,0,0,8,0,0,0,31,4,1,0,0.33,0.4,0,0.03,0.13,1.1657,0,"0.1299","Latin America & Caribbean","High income","Americas","Latin America and the Caribbean","South America","Developing",47.63,75.9510243902439,23410572634.3147,4.83169300766284,1.55
"173","URY",2008,"Uruguay","URY",48,15,10,1,0.06,6,3,0,0,5,2,0,0,8,7,0,0,31,22,1,0.67,0.5,0.4,0.88,0.03,0.71,1.2293,0.5806,"0.0636","Latin America & Caribbean","High income","Americas","Latin America and the Caribbean","South America","Developing",46.27,76.1010731707317,30366213119.2928,5.03800168790181,1.83
"174","URY",2009,"Uruguay","URY",48,15,10,1,0.06,6,3,0,0,5,2,0,0,8,7,0,0,31,22,1,0.67,0.5,0.4,0.88,0.03,0.71,1.1947,0,"-0.0346","Latin America & Caribbean","High income","Americas","Latin America and the Caribbean","South America","Developing",46.28,76.2485853658537,31660911277.0294,5.19444698418079,1.57
"175","URY",2010,"Uruguay","URY",48,15,10,1,0.06,6,3,0,0,5,2,0,0,8,7,0,0,31,22,1,0.67,0.5,0.4,0.88,0.03,0.71,1.2442,0,"0.0495","Latin America & Caribbean","High income","Americas","Latin America and the Caribbean","South America","Developing",45.32,76.3946097560976,40284682479.8596,5.26317868143713,1.67
"176","URY",2011,"Uruguay","URY",48,15,10,1,0.06,6,3,0,0,5,2,0,0,8,7,0,0,31,22,1,0.67,0.5,0.4,0.88,0.03,0.71,1.235,0,"-0.0092","Latin America & Caribbean","High income","Americas","Latin America and the Caribbean","South America","Developing",43.37,76.5411951219512,47962439303.7247,5.27590523229814,1.47
"177","URY",2012,"Uruguay","URY",48,15,10,1,0.06,6,3,0,0,5,2,0,0,8,7,0,0,31,22,1,0.67,0.5,0.4,0.88,0.03,0.71,1.3205,0,"0.0854","Latin America & Caribbean","High income","Americas","Latin America and the Caribbean","South America","Developing",41.32,76.6883902439024,51265399744.9558,5.2231120404908,1.45
"178","URY",2013,"Uruguay","URY",48,15,10,1,0.06,6,3,0,0,5,2,0,0,8,7,0,0,31,22,1,0.67,0.5,0.4,0.88,0.03,0.71,1.3584,0,"0.0379","Latin America & Caribbean","High income","Americas","Latin America and the Caribbean","South America","Developing",41.87,76.8361951219512,57531233350.9101,5.41578409075144,1.41
"179","URY",2014,"Uruguay","URY",48,15,10,1,0.06,6,3,0,0,5,2,0,0,8,7,0,0,31,22,1,0.67,0.5,0.4,0.88,0.03,0.71,1.3514,0,"-0.0070","Latin America & Caribbean","High income","Americas","Latin America and the Caribbean","South America","Developing",41.6,76.9861463414634,57235766825.403,5.61423922002407,1.39
"180","URY",2015,"Uruguay","URY",48,15,10,1,0.06,6,3,0,0,5,2,0,0,8,7,0,0,31,22,1,0.67,0.5,0.4,0.88,0.03,0.71,1.2982,0,"-0.0532","Latin America & Caribbean","High income","Americas","Latin America and the Caribbean","South America","Developing",NA,NA,53442697568.7227,5.69395610584932,1.23
"181","VEN",2006,"Venezuela (Bolivarian Republic of)","VEN",49,16,2,0,0,6,1,0,0,5,0,0,0,7,1,1,0.13,31,4,1,0.13,0.17,0,0.14,0.03,0.13,-0.978,0,"-0.0233","Latin America & Caribbean","Upper middle income","Americas","Latin America and the Caribbean","South America","Developing",46.94,73.3010487804878,183477522123.894,1.23301708192797,6.69
"182","VEN",2007,"Venezuela (Bolivarian Republic of)","VEN",49,16,2,0,0,6,1,0,0,5,0,0,0,7,1,1,0.13,31,4,1,0.13,0.17,0,0.14,0.03,0.13,-1.0308,0,"-0.0529","Latin America & Caribbean","Upper middle income","Americas","Latin America and the Caribbean","South America","Developing",NA,73.3889024390244,230364012575.687,1.18810712164883,5.79
"183","VEN",2008,"Venezuela (Bolivarian Republic of)","VEN",49,16,2,0,0,6,1,0,0,5,0,0,0,7,1,1,0.13,31,4,1,0.13,0.17,0,0.14,0.03,0.13,-1.0995,0,"-0.0687","Latin America & Caribbean","Upper middle income","Americas","Latin America and the Caribbean","South America","Developing",NA,73.476243902439,315600203539.823,1.37709154243388,5.73
"184","VEN",2009,"Venezuela (Bolivarian Republic of)","VEN",49,16,2,0,0,6,1,0,0,5,0,0,0,7,1,1,0.13,31,4,1,0.13,0.17,0,0.14,0.03,0.13,-1.1579,0,"-0.0584","Latin America & Caribbean","Upper middle income","Americas","Latin America and the Caribbean","South America","Developing",NA,73.568,329418979506.288,1.4463037375,5.4
"185","VEN",2010,"Venezuela (Bolivarian Republic of)","VEN",49,16,7,0,0,6,1,0,0,5,1,0,0,7,5,1,0.13,31,14,1,0.44,0.17,0.2,0.71,0.03,0.45,-1.2036,0.3226,"-0.0457","Latin America & Caribbean","Upper middle income","Americas","Latin America and the Caribbean","South America","Developing",NA,73.6716097560976,393801459277.332,1.69231003783784,2.85
"186","VEN",2011,"Venezuela (Bolivarian Republic of)","VEN",49,16,7,0,0,6,1,0,0,5,1,0,0,7,5,1,0.13,31,14,1,0.44,0.17,0.2,0.71,0.03,0.45,-1.1575,0,"0.0461","Latin America & Caribbean","Upper middle income","Americas","Latin America and the Caribbean","South America","Developing",NA,73.7916585365854,316482190800.364,1.64902335662651,6.46
"187","VEN",2012,"Venezuela (Bolivarian Republic of)","VEN",49,16,7,0,0,6,1,0,0,5,1,0,0,7,5,1,0.13,31,14,1,0.44,0.17,0.2,0.71,0.03,0.45,-1.255,0,"-0.0975","Latin America & Caribbean","Upper middle income","Americas","Latin America and the Caribbean","South America","Developing",NA,73.9257317073171,381286237847.667,1.27242112857143,4.77
"188","VEN",2013,"Venezuela (Bolivarian Republic of)","VEN",49,16,7,0,0,6,1,0,0,5,1,0,0,7,5,1,0.13,31,14,1,0.44,0.17,0.2,0.71,0.03,0.45,-1.2865,0,"-0.0315","Latin America & Caribbean","Upper middle income","Americas","Latin America and the Caribbean","South America","Developing",NA,74.0744146341464,371336634589.947,1.11323639354839,5.53
"189","VEN",2014,"Venezuela (Bolivarian Republic of)","VEN",49,16,7,0,0,6,1,0,0,5,1,0,0,7,5,1,0.13,31,14,1,0.44,0.17,0.2,0.71,0.03,0.45,-1.3806,0,"-0.0941","Latin America & Caribbean","Upper middle income","Americas","Latin America and the Caribbean","South America","Developing",NA,74.2361951219512,NA,1.11523713035635,6.14
"190","VEN",2015,"Venezuela (Bolivarian Republic of)","VEN",49,16,7,0,0,6,1,0,0,5,1,0,0,7,5,1,0.13,31,14,1,0.44,0.17,0.2,0.71,0.03,0.45,-1.3283,0,"0.0524","Latin America & Caribbean","Upper middle income","Americas","Latin America and the Caribbean","South America","Developing",NA,NA,NA,1.12768639326096,NA
