"","year","country","wefji","iso3c"
"1",2015,"Albania","2.63542044279459","ALB"
"2",2014,"Albania","2.47927713110447","ALB"
"3",2013,"Albania","2.33217275","ALB"
"4",2012,"Albania","2.581759003125","ALB"
"5",2011,"Albania","2.97447861219512","ALB"
"6",2010,"Albania","3.25933499459459","ALB"
"7",2009,"Albania","2.9367333106383","ALB"
"8",2008,"Albania","2.40806748763103","ALB"
"9",2007,"Albania","2.37760958688111","ALB"
"10",2006,"Albania","2.58555357253847","ALB"
"11",2015,"Algeria","3.33714760263967","DZA"
"12",2014,"Algeria","3.46125358303835","DZA"
"13",2013,"Algeria","3.21411312653061","DZA"
"14",2012,"Algeria","2.5209718625","DZA"
"15",2011,"Algeria","2.52165855652174","DZA"
"16",2010,"Algeria","2.80241814423077","DZA"
"17",2009,"Algeria","2.81000400294118","DZA"
"18",2008,"Algeria","3.11605461440781","DZA"
"19",2007,"Algeria","3.65350649350649","DZA"
"20",2006,"Algeria","3.33306196291271","DZA"
"21",2015,"Angola","","AGO"
"22",2014,"Angola","2.10587749819926","AGO"
"23",2013,"Angola","2.441176","AGO"
"24",2012,"Angola",NA,"AGO"
"25",2011,"Angola","2.4179383","AGO"
"26",2010,"Angola","2.953741","AGO"
"27",2009,"Angola",NA,"AGO"
"28",2008,"Angola",NA,"AGO"
"29",2007,"Angola",NA,"AGO"
"30",2006,"Angola",NA,"AGO"
"31",2015,"Argentina","2.43800005435944","ARG"
"32",2014,"Argentina","2.29284509026549","ARG"
"33",2013,"Argentina","2.37633489819004","ARG"
"34",2012,"Argentina","2.27404240540541","ARG"
"35",2011,"Argentina","2.57964157894737","ARG"
"36",2010,"Argentina","2.56268254232804","ARG"
"37",2009,"Argentina","2.40934555481928","ARG"
"38",2008,"Argentina","2.21115015157582","ARG"
"39",2007,"Argentina","2.173863542612","ARG"
"40",2006,"Argentina","2.19965297531005","ARG"
"41",2015,"Armenia","2.96128028244372","ARM"
"42",2014,"Armenia","2.91979073962326","ARM"
"43",2013,"Armenia","2.95067726666667","ARM"
"44",2012,"Armenia","2.80049241104294","ARM"
"45",2011,"Armenia","2.80348965093168","ARM"
"46",2010,"Armenia","2.62444025","ARM"
"47",2009,"Armenia","2.25758832634731","ARM"
"48",2008,"Armenia","2.27722570897646","ARM"
"49",2007,"Armenia","2.31022756509211","ARM"
"50",2006,"Armenia","2.2093075815729","ARM"
"51",2015,"Australia","6.15015791195065","AUS"
"52",2014,"Australia","5.88792441851941","AUS"
"53",2013,"Australia","5.740950592","AUS"
"54",2012,"Australia","6.00380514285714","AUS"
"55",2011,"Australia","6.11856934615385","AUS"
"56",2010,"Australia","6.27516292857143","AUS"
"57",2009,"Australia","6.44412061333333","AUS"
"58",2008,"Australia","6.4499724757764","AUS"
"59",2007,"Australia","6.39878100637845","AUS"
"60",2006,"Australia","6.17906656603338","AUS"
"61",2015,"Austria","5.15879914039789","AUT"
"62",2014,"Austria","5.17429165075809","AUT"
"63",2013,"Austria","5.10270338970588","AUT"
"64",2012,"Austria","5.19163039602649","AUT"
"65",2011,"Austria","5.54132224126984","AUT"
"66",2010,"Austria","5.77433841676647","AUT"
"67",2009,"Austria","6.0772471875","AUT"
"68",2008,"Austria","6.10923574313932","AUT"
"69",2007,"Austria","6.06182397050815","AUT"
"70",2006,"Austria","5.84944501292019","AUT"
"71",2015,"Azerbaijan","3.16050474157612","AZE"
"72",2014,"Azerbaijan","3.16050474157612","AZE"
"73",2013,"Azerbaijan","3.28228273888889","AZE"
"74",2012,"Azerbaijan","3.40469393089005","AZE"
"75",2011,"Azerbaijan","3.42965906626506","AZE"
"76",2010,"Azerbaijan","3.31702031208054","AZE"
"77",2009,"Azerbaijan","3.8732256","AZE"
"78",2008,"Azerbaijan","3.43382675206117","AZE"
"79",2007,"Azerbaijan","2.68301582105837","AZE"
"80",2006,"Azerbaijan","2.79371830043493","AZE"
"81",2015,"Bahrain","4.74394069614977","BHR"
"82",2014,"Bahrain","4.41162316785252","BHR"
"83",2013,"Bahrain","4.51454044339623","BHR"
"84",2012,"Bahrain","5.07145285517241","BHR"
"85",2011,"Bahrain","5.30513579707602","BHR"
"86",2010,"Bahrain","5.03767666979866","BHR"
"87",2009,"Bahrain","4.9647837915493","BHR"
"88",2008,"Bahrain","4.59746251626286","BHR"
"89",2007,"Bahrain","4.0944027986007","BHR"
"90",2006,"Bahrain","3.58116464881171","BHR"
"91",2015,"Bangladesh","2.3766711509589","BGD"
"92",2014,"Bangladesh","2.2297712819446","BGD"
"93",2013,"Bangladesh","2.43513612993631","BGD"
"94",2012,"Bangladesh","2.84446859032258","BGD"
"95",2011,"Bangladesh","3.2213794886076","BGD"
"96",2010,"Bangladesh","3.38793305","BGD"
"97",2009,"Bangladesh","3.4796017010989","BGD"
"98",2008,"Bangladesh","3.17346710450728","BGD"
"99",2007,"Bangladesh","2.55845864661654","BGD"
"100",2006,"Bangladesh","2.5820536415666","BGD"
"101",2015,"Barbados","","BRB"
"102",2014,"Barbados","5.2709487231166","BRB"
"103",2013,"Barbados","5.50690330243902","BRB"
"104",2012,"Barbados","5.73296504311927","BRB"
"105",2011,"Barbados","5.91706906184211","BRB"
"106",2010,"Barbados","5.73677031650485","BRB"
"107",2009,"Barbados","5.70246683489933","BRB"
"108",2008,"Barbados","5.79986682377622","BRB"
"109",2007,"Barbados","5.83256916996047","BRB"
"110",2006,"Barbados","5.87272727272727","BRB"
"111",2015,"Belgium","5.81629834507787","BEL"
"112",2014,"Belgium","5.67011306195089","BEL"
"113",2013,"Belgium","5.42647779053254","BEL"
"114",2012,"Belgium","5.2343682807947","BEL"
"115",2011,"Belgium","5.26854635277778","BEL"
"116",2010,"Belgium","5.20452704722222","BEL"
"117",2009,"Belgium","5.36413647324841","BEL"
"118",2008,"Belgium","5.7408864031401","BEL"
"119",2007,"Belgium","5.36514136087307","BEL"
"120",2006,"Belgium","5.17136620709427","BEL"
"121",2015,"Belize","","BLZ"
"122",2014,"Belize",NA,"BLZ"
"123",2013,"Belize",NA,"BLZ"
"124",2012,"Belize",NA,"BLZ"
"125",2011,"Belize","3.056608","BLZ"
"126",2010,"Belize",NA,"BLZ"
"127",2009,"Belize",NA,"BLZ"
"128",2008,"Belize",NA,"BLZ"
"129",2007,"Belize",NA,"BLZ"
"130",2006,"Belize",NA,"BLZ"
"131",2015,"Benin","3.45454549789429","BEN"
"132",2014,"Benin",NA,"BEN"
"133",2013,"Benin","2.73783919057592","BEN"
"134",2012,"Benin","2.90018610769231","BEN"
"135",2011,"Benin","3.0827122","BEN"
"136",2010,"Benin","3.25286464808743","BEN"
"137",2009,"Benin","3.62717652105263","BEN"
"138",2008,"Benin","3.67435207665031","BEN"
"139",2007,"Benin","3.79529433744671","BEN"
"140",2006,"Benin","3.1673511615671","BEN"
"141",2015,"Bhutan","4.8722477547193","BTN"
"142",2014,"Bhutan","4.81084421957799","BTN"
"143",2013,"Bhutan","4.802536","BTN"
"144",2012,"Bhutan",NA,"BTN"
"145",2011,"Bhutan",NA,"BTN"
"146",2010,"Bhutan",NA,"BTN"
"147",2009,"Bhutan",NA,"BTN"
"148",2008,"Bhutan",NA,"BTN"
"149",2007,"Bhutan",NA,"BTN"
"150",2006,"Bhutan",NA,"BTN"
"151",2015,"Bolivia","2.56142551104228","BOL"
"152",2014,"Bolivia","3.29384493790991","BOL"
"153",2013,"Bolivia","3.10432950410959","BOL"
"154",2012,"Bolivia","3.14379228741722","BOL"
"155",2011,"Bolivia","3.01979597164179","BOL"
"156",2010,"Bolivia","2.31480310097087","BOL"
"157",2009,"Bolivia","2.06293051724138","BOL"
"158",2008,"Bolivia","2.2203567625894","BOL"
"159",2007,"Bolivia","2.43613375028625","BOL"
"160",2006,"Bolivia","2.37328862291172","BOL"
"161",2015,"Bosnia.and.Herzegovina","2.8640775680542","BIH"
"162",2014,"Bosnia.and.Herzegovina",NA,"BIH"
"163",2013,"Bosnia.and.Herzegovina","3.873572","BIH"
"164",2012,"Bosnia.and.Herzegovina","3.51044225","BIH"
"165",2011,"Bosnia.and.Herzegovina","3.066617","BIH"
"166",2010,"Bosnia.and.Herzegovina","2.5715449798995","BIH"
"167",2009,"Bosnia.and.Herzegovina","2.07866439047619","BIH"
"168",2008,"Bosnia.and.Herzegovina","2.63679947815126","BIH"
"169",2007,"Bosnia.and.Herzegovina","3.14016014035231","BIH"
"170",2006,"Bosnia.and.Herzegovina","2.94649080587437","BIH"
"171",2015,"Botswana","4.83619954445783","BWA"
"172",2014,"Botswana","4.87469580593044","BWA"
"173",2013,"Botswana","5.30498335688623","BWA"
"174",2012,"Botswana","5.51479035463917","BWA"
"175",2011,"Botswana","5.36451426422018","BWA"
"176",2010,"Botswana","5.19900674236453","BWA"
"177",2009,"Botswana","5.33856589651163","BWA"
"178",2008,"Botswana","5.33856846511176","BWA"
"179",2007,"Botswana","5.25085248085248","BWA"
"180",2006,"Botswana","5.3309473157302","BWA"
"181",2015,"Brazil","3.3804923873239","BRA"
"182",2014,"Brazil","3.55315841282205","BRA"
"183",2013,"Brazil","3.8672258033195","BRA"
"184",2012,"Brazil","3.75062583628049","BRA"
"185",2011,"Brazil","3.73658582266289","BRA"
"186",2010,"Brazil","3.52127593839542","BRA"
"187",2009,"Brazil","3.58829993074792","BRA"
"188",2008,"Brazil","3.81390715266439","BRA"
"189",2007,"Brazil","3.14314623082095","BRA"
"190",2006,"Brazil","2.90444399603754","BRA"
"191",2015,"Brunei.Darussalam","","BRN"
"192",2014,"Brunei.Darussalam",NA,"BRN"
"193",2013,"Brunei.Darussalam","5.03953495897436","BRN"
"194",2012,"Brunei.Darussalam","5.06450909259259","BRN"
"195",2011,"Brunei.Darussalam","4.76575843613861","BRN"
"196",2010,"Brunei.Darussalam","4.71087119354839","BRN"
"197",2009,"Brunei.Darussalam","4.6705598097561","BRN"
"198",2008,"Brunei.Darussalam","4.356519","BRN"
"199",2007,"Brunei.Darussalam",NA,"BRN"
"200",2006,"Brunei.Darussalam",NA,"BRN"
"201",2015,"Bulgaria","2.68591673167329","BGR"
"202",2014,"Bulgaria","2.32907203143805","BGR"
"203",2013,"Bulgaria","2.60091631044776","BGR"
"204",2012,"Bulgaria","2.88296520487805","BGR"
"205",2011,"Bulgaria","2.93640596141079","BGR"
"206",2010,"Bulgaria","2.95785958693694","BGR"
"207",2009,"Bulgaria","2.89659331940299","BGR"
"208",2008,"Bulgaria","2.90828244462701","BGR"
"209",2007,"Bulgaria","2.75162801321245","BGR"
"210",2006,"Bulgaria","2.52404917962558","BGR"
"211",2015,"Burkina.Faso","","BFA"
"212",2014,"Burkina.Faso","2.11238811353647","BFA"
"213",2013,"Burkina.Faso","2.09644943367347","BFA"
"214",2012,"Burkina.Faso","2.46267804691358","BFA"
"215",2011,"Burkina.Faso","2.55085890759494","BFA"
"216",2010,"Burkina.Faso","2.4594285","BFA"
"217",2009,"Burkina.Faso","3.10974905603448","BFA"
"218",2008,"Burkina.Faso","3.27843788943662","BFA"
"219",2007,"Burkina.Faso","2.95416785850496","BFA"
"220",2006,"Burkina.Faso","3.02173913043478","BFA"
"221",2015,"Burundi","1.62754806765402","BDI"
"222",2014,"Burundi","1.62754806765402","BDI"
"223",2013,"Burundi","1.66729921980198","BDI"
"224",2012,"Burundi","1.65066662248521","BDI"
"225",2011,"Burundi","1.68600886086957","BDI"
"226",2010,"Burundi","1.93366796585366","BDI"
"227",2009,"Burundi","2.09180302035928","BDI"
"228",2008,"Burundi","2.09067936284722","BDI"
"229",2007,"Burundi","2.02068287037037","BDI"
"230",2006,"Burundi","1.8375","BDI"
"231",2015,"Cambodia","2.49328724517944","KHM"
"232",2014,"Cambodia","2.26923499143864","KHM"
"233",2013,"Cambodia","2.76722213235294","KHM"
"234",2012,"Cambodia","3.25489394237288","KHM"
"235",2011,"Cambodia","3.07665119608939","KHM"
"236",2010,"Cambodia","2.87129254883721","KHM"
"237",2009,"Cambodia","2.81361825465116","KHM"
"238",2008,"Cambodia","2.6269245996633","KHM"
"239",2007,"Cambodia","2.40648399219828","KHM"
"240",2006,"Cambodia","2.31923076923077","KHM"
"241",2015,"Cameroon","3.05820400714874","CMR"
"242",2014,"Cameroon","2.82924050989714","CMR"
"243",2013,"Cameroon","2.28074435524476","CMR"
"244",2012,"Cameroon","2.46095237931035","CMR"
"245",2011,"Cameroon","2.71895981038961","CMR"
"246",2010,"Cameroon","2.64842603571429","CMR"
"247",2009,"Cameroon","2.41403745227273","CMR"
"248",2008,"Cameroon","2.19338952765957","CMR"
"249",2007,"Cameroon","2.19620779220779","CMR"
"250",2006,"Cameroon","2.21544699235626","CMR"
"251",2015,"Canada","6.20125099171353","CAN"
"252",2014,"Canada","6.15268810198055","CAN"
"253",2013,"Canada","6.15010237457627","CAN"
"254",2012,"Canada","6.3038605880597","CAN"
"255",2011,"Canada","6.3299945606383","CAN"
"256",2010,"Canada","6.24360204210526","CAN"
"257",2009,"Canada","6.20663873240223","CAN"
"258",2008,"Canada","6.27326204410422","CAN"
"259",2007,"Canada","6.01353301792213","CAN"
"260",2006,"Canada","5.64693713556991","CAN"
"261",2015,"Cape.Verde","4.30095806988803","CPV"
"262",2014,"Cape.Verde","4.1522127899417","CPV"
"263",2013,"Cape.Verde","4.12148582553192","CPV"
"264",2012,"Cape.Verde","4.18268520471204","CPV"
"265",2011,"Cape.Verde","4.16179671534392","CPV"
"266",2010,"Cape.Verde","4.063591","CPV"
"267",2009,"Cape.Verde",NA,"CPV"
"268",2008,"Cape.Verde",NA,"CPV"
"269",2007,"Cape.Verde",NA,"CPV"
"270",2006,"Cape.Verde",NA,"CPV"
"271",2015,"Chad","2.36467507185525","TCD"
"272",2014,"Chad","2.18439119394684","TCD"
"273",2013,"Chad","2.02443266666667","TCD"
"274",2012,"Chad","2.17372586330275","TCD"
"275",2011,"Chad","2.60330427160494","TCD"
"276",2010,"Chad","2.6767846075188","TCD"
"277",2009,"Chad","2.14468162539683","TCD"
"278",2008,"Chad","1.78973986046512","TCD"
"279",2007,"Chad","1.89716582064298","TCD"
"280",2006,"Chad","1.84160657773505","TCD"
"281",2015,"Chile","5.03241282540856","CHL"
"282",2014,"Chile","5.21278802044939","CHL"
"283",2013,"Chile","5.28876435","CHL"
"284",2012,"Chile","5.31831031764706","CHL"
"285",2011,"Chile","5.46739003018868","CHL"
"286",2010,"Chile","5.3633173826087","CHL"
"287",2009,"Chile","4.7091890320442","CHL"
"288",2008,"Chile","4.4993218826612","CHL"
"289",2007,"Chile","4.24700392180707","CHL"
"290",2006,"Chile","3.99248218602185","CHL"
"291",2015,"China","3.88798475607039","CHN"
"292",2014,"China","3.98642593162876","CHN"
"293",2013,"China","4.00758764285714","CHN"
"294",2012,"China","3.8747426634278","CHN"
"295",2011,"China","3.93332512868852","CHN"
"296",2010,"China","3.9703518414966","CHN"
"297",2009,"China","3.94865018979885","CHN"
"298",2008,"China","3.81030382752585","CHN"
"299",2007,"China","3.42993054384161","CHN"
"300",2006,"China","3.35441646299514","CHN"
"301",2015,"Colombia","2.69090908765793","COL"
"302",2014,"Colombia","2.84107730826166","COL"
"303",2013,"Colombia","3.04366139183673","COL"
"304",2012,"Colombia","3.16602642482269","COL"
"305",2011,"Colombia","3.50379267439759","COL"
"306",2010,"Colombia","3.48302693837209","COL"
"307",2009,"Colombia","3.63795641046832","COL"
"308",2008,"Colombia","4.08120928426732","COL"
"309",2007,"Colombia","3.81120401337793","COL"
"310",2006,"Colombia","3.5296453690878","COL"
"311",2015,"Costa.Rica","5.07703332625373","CRI"
"312",2014,"Costa.Rica","5.03977477625978","CRI"
"313",2013,"Costa.Rica","4.81867057156863","CRI"
"314",2012,"Costa.Rica","4.6659242880829","CRI"
"315",2011,"Costa.Rica","4.87536372340426","CRI"
"316",2010,"Costa.Rica","5.2772804","CRI"
"317",2009,"Costa.Rica","5.31633868421053","CRI"
"318",2008,"Costa.Rica","5.21896016910299","CRI"
"319",2007,"Costa.Rica","5.07678881602269","CRI"
"320",2006,"Costa.Rica","5.0647817047817","CRI"
"321",2015,"Côte.d.Ivoire","4.01462210349317","CIV"
"322",2014,"Côte.d.Ivoire","3.22602840481511","CIV"
"323",2013,"Côte.d.Ivoire","2.4387008716763","CIV"
"324",2012,"Côte.d.Ivoire","2.10330197857143","CIV"
"325",2011,"Côte.d.Ivoire","1.79549471266376","CIV"
"326",2010,"Côte.d.Ivoire","1.92735969424084","CIV"
"327",2009,"Côte.d.Ivoire","1.87701720681818","CIV"
"328",2008,"Côte.d.Ivoire","1.688884","CIV"
"329",2007,"Côte.d.Ivoire",NA,"CIV"
"330",2006,"Côte.d.Ivoire",NA,"CIV"
"331",2015,"Croatia","3.22063944369187","HRV"
"332",2014,"Croatia","3.15548151211661","HRV"
"333",2013,"Croatia","2.96855910802139","HRV"
"334",2012,"Croatia","2.8303326245098","HRV"
"335",2011,"Croatia","3.05420005","HRV"
"336",2010,"Croatia","3.11672056201117","HRV"
"337",2009,"Croatia","3.09206493548387","HRV"
"338",2008,"Croatia","3.21689854632322","HRV"
"339",2007,"Croatia","3.29542112687744","HRV"
"340",2006,"Croatia","3.05763385146805","HRV"
"341",2015,"Cyprus","4.72863188626473","CYP"
"342",2014,"Cyprus","4.46450012133418","CYP"
"343",2013,"Cyprus","4.47449183028169","CYP"
"344",2012,"Cyprus","4.77060508707865","CYP"
"345",2011,"Cyprus","5.28890199793814","CYP"
"346",2010,"Cyprus","5.49391451712707","CYP"
"347",2009,"Cyprus","5.4163187718232","CYP"
"348",2008,"Cyprus","5.39740754014055","CYP"
"349",2007,"Cyprus","5.16836659275684","CYP"
"350",2006,"Cyprus","5.30160154444354","CYP"
"351",2015,"Czech.Republic","4.28220766519391","CZE"
"352",2014,"Czech.Republic","3.86788394771409","CZE"
"353",2013,"Czech.Republic","3.78923006619718","CZE"
"354",2012,"Czech.Republic","3.67683854177215","CZE"
"355",2011,"Czech.Republic","3.70469933506494","CZE"
"356",2010,"Czech.Republic","3.97430539146341","CZE"
"357",2009,"Czech.Republic","4.00637595142857","CZE"
"358",2008,"Czech.Republic","4.1750177943356","CZE"
"359",2007,"Czech.Republic","4.09920413365006","CZE"
"360",2006,"Czech.Republic","4.07293538783836","CZE"
"361",2015,"Denmark","6.28021221754188","DNK"
"362",2014,"Denmark","6.51416972005885","DNK"
"363",2013,"Denmark","6.15706017541528","DNK"
"364",2012,"Denmark","6.01589746832298","DNK"
"365",2011,"Denmark","6.55301855588235","DNK"
"366",2010,"Denmark","6.40154105","DNK"
"367",2009,"Denmark","6.50249850495049","DNK"
"368",2008,"Denmark","6.52322493557731","DNK"
"369",2007,"Denmark","6.44356713189639","DNK"
"370",2006,"Denmark","6.25446200074187","DNK"
"371",2015,"Dominican.Republic","2.59131108050724","DOM"
"372",2014,"Dominican.Republic","2.48641150125712","DOM"
"373",2013,"Dominican.Republic","2.37931373809524","DOM"
"374",2012,"Dominican.Republic","2.58465687586207","DOM"
"375",2011,"Dominican.Republic","2.69246532783505","DOM"
"376",2010,"Dominican.Republic","3.06535601153846","DOM"
"377",2009,"Dominican.Republic","3.2952831","DOM"
"378",2008,"Dominican.Republic","3.03389627702668","DOM"
"379",2007,"Dominican.Republic","3.26509723230856","DOM"
"380",2006,"Dominican.Republic","2.99006064343715","DOM"
"381",2015,"Ecuador","2.10526323318481","ECU"
"382",2014,"Ecuador",NA,"ECU"
"383",2013,"Ecuador","3.1589180484127","ECU"
"384",2012,"Ecuador","2.45071","ECU"
"385",2011,"Ecuador","2.30414099591837","ECU"
"386",2010,"Ecuador","1.99428747007874","ECU"
"387",2009,"Ecuador","1.97509236598639","ECU"
"388",2008,"Ecuador","1.99026844772727","ECU"
"389",2007,"Ecuador","2.04281418839558","ECU"
"390",2006,"Ecuador","1.7327479283614","ECU"
"391",2015,"Egypt","4.546790869284","EGY"
"392",2014,"Egypt","4.00575450759506","EGY"
"393",2013,"Egypt","3.45575611278195","EGY"
"394",2012,"Egypt","4.14363511907217","EGY"
"395",2011,"Egypt","4.76612381715686","EGY"
"396",2010,"Egypt","3.9127441","EGY"
"397",2009,"Egypt","3.87904553475936","EGY"
"398",2008,"Egypt","4.95216865836754","EGY"
"399",2007,"Egypt","4.86066844121598","EGY"
"400",2006,"Egypt","4.82291666666667","EGY"
"401",2015,"El.Salvador","3.41814790650418","SLV"
"402",2014,"El.Salvador","3.6138870023912","SLV"
"403",2013,"El.Salvador","3.04768461282051","SLV"
"404",2012,"El.Salvador","2.66572117580645","SLV"
"405",2011,"El.Salvador","2.8814839","SLV"
"406",2010,"El.Salvador","2.98601661129032","SLV"
"407",2009,"El.Salvador","3.04996387483444","SLV"
"408",2008,"El.Salvador","3.15415192857143","SLV"
"409",2007,"El.Salvador","3.10673754152824","SLV"
"410",2006,"El.Salvador","2.95691336633663","SLV"
"411",2015,"Estonia","5.6822401555918","EST"
"412",2014,"Estonia","5.66840576650728","EST"
"413",2013,"Estonia","5.51540756666667","EST"
"414",2012,"Estonia","5.54028537921348","EST"
"415",2011,"Estonia","5.508270275","EST"
"416",2010,"Estonia","5.45533183035714","EST"
"417",2009,"Estonia","5.494526","EST"
"418",2008,"Estonia","5.32394242785777","EST"
"419",2007,"Estonia","5.26331000804445","EST"
"420",2006,"Estonia","5.03958346949001","EST"
"421",2015,"Ethiopia","3.36356901675463","ETH"
"422",2014,"Ethiopia","2.87902439832089","ETH"
"423",2013,"Ethiopia","2.8566782556962","ETH"
"424",2012,"Ethiopia","2.823368225","ETH"
"425",2011,"Ethiopia","3.11662296875","ETH"
"426",2010,"Ethiopia","3.25896585263158","ETH"
"427",2009,"Ethiopia","2.98290933333333","ETH"
"428",2008,"Ethiopia","3.1541234802005","ETH"
"429",2007,"Ethiopia","2.68506853733269","ETH"
"430",2006,"Ethiopia","2.31787884507761","ETH"
"431",2015,"Finland","6.59488827724649","FIN"
"432",2014,"Finland","6.56908025688202","FIN"
"433",2013,"Finland","6.59396244736842","FIN"
"434",2012,"Finland","6.49426683043478","FIN"
"435",2011,"Finland","6.41273008970588","FIN"
"436",2010,"Finland","6.32733014431818","FIN"
"437",2009,"Finland","6.47811530677966","FIN"
"438",2008,"Finland","6.62559152211375","FIN"
"439",2007,"Finland","6.42658786002439","FIN"
"440",2006,"Finland","6.03652242506198","FIN"
"441",2015,"France","5.11958843532362","FRA"
"442",2014,"France","4.96856050570938","FRA"
"443",2013,"France","5.05753425980861","FRA"
"444",2012,"France","4.90624728571429","FRA"
"445",2011,"France","4.89937553333333","FRA"
"446",2010,"France","4.79091365","FRA"
"447",2009,"France","4.75716408154507","FRA"
"448",2008,"France","5.26202554540327","FRA"
"449",2007,"France","5.25832300485875","FRA"
"450",2006,"France","5.09055995108072","FRA"
"451",2015,"Gabon","2.99466908999852","GAB"
"452",2014,"Gabon","2.85203941442133","GAB"
"453",2013,"Gabon","2.64769344299065","GAB"
"454",2012,"Gabon","2.648808","GAB"
"455",2011,"Gabon",NA,"GAB"
"456",2010,"Gabon",NA,"GAB"
"457",2009,"Gabon",NA,"GAB"
"458",2008,"Gabon",NA,"GAB"
"459",2007,"Gabon",NA,"GAB"
"460",2006,"Gabon",NA,"GAB"
"461",2015,"Gambia..The","3.74010623178699","GMB"
"462",2014,"Gambia..The","3.83966524541251","GMB"
"463",2013,"Gambia..The","3.96875249693252","GMB"
"464",2012,"Gambia..The","4.32200073651685","GMB"
"465",2011,"Gambia..The","4.45005640994475","GMB"
"466",2010,"Gambia..The","4.56421616551724","GMB"
"467",2009,"Gambia..The","4.86326688695652","GMB"
"468",2008,"Gambia..The","4.68601519544852","GMB"
"469",2007,"Gambia..The","4.13757557930516","GMB"
"470",2006,"Gambia..The","3.60046115288221","GMB"
"471",2015,"Georgia","4.14127669811249","GEO"
"472",2014,"Georgia","3.84025602082837","GEO"
"473",2013,"Georgia","3.31272859704142","GEO"
"474",2012,"Georgia","3.175311","GEO"
"475",2011,"Georgia","3.18076407978723","GEO"
"476",2010,"Georgia","2.93484074090909","GEO"
"477",2009,"Georgia","2.6745728077381","GEO"
"478",2008,"Georgia","2.79491395147679","GEO"
"479",2007,"Georgia","2.52346743295019","GEO"
"480",2006,"Georgia","2.23055015895443","GEO"
"481",2015,"Germany","5.77933173698764","DEU"
"482",2014,"Germany","5.884202037538","DEU"
"483",2013,"Germany","6.02832859461279","DEU"
"484",2012,"Germany","6.24157482522522","DEU"
"485",2011,"Germany","6.33427012515337","DEU"
"486",2010,"Germany","6.36649903116883","DEU"
"487",2009,"Germany","6.40588473630573","DEU"
"488",2008,"Germany","6.53876026504525","DEU"
"489",2007,"Germany","6.52643028033495","DEU"
"490",2006,"Germany","6.39071425610413","DEU"
"491",2015,"Ghana","4.28235733743776","GHA"
"492",2014,"Ghana","4.3646800196319","GHA"
"493",2013,"Ghana","4.40557720067114","GHA"
"494",2012,"Ghana","4.05069687484663","GHA"
"495",2011,"Ghana","4.07137756568047","GHA"
"496",2010,"Ghana","3.79149882488479","GHA"
"497",2009,"Ghana","3.76437199570815","GHA"
"498",2008,"Ghana","3.769773","GHA"
"499",2007,"Ghana",NA,"GHA"
"500",2006,"Ghana",NA,"GHA"
"501",2015,"Greece","3.80618723400852","GRC"
"502",2014,"Greece","3.65904301089198","GRC"
"503",2013,"Greece","3.4136115362069","GRC"
"504",2012,"Greece","3.05570237380952","GRC"
"505",2011,"Greece","3.33307013238636","GRC"
"506",2010,"Greece","3.54348763076923","GRC"
"507",2009,"Greece","3.68092257777778","GRC"
"508",2008,"Greece","4.08252158582584","GRC"
"509",2007,"Greece","4.4144000106944","GRC"
"510",2006,"Greece","4.27077044338226","GRC"
"511",2015,"Guatemala","2.98170479108702","GTM"
"512",2014,"Guatemala","2.99413078176667","GTM"
"513",2013,"Guatemala","3.0268887260355","GTM"
"514",2012,"Guatemala","2.85810091180124","GTM"
"515",2011,"Guatemala","2.64715426875","GTM"
"516",2010,"Guatemala","2.72385554117647","GTM"
"517",2009,"Guatemala","3.00259697391304","GTM"
"518",2008,"Guatemala","3.27367683650616","GTM"
"519",2007,"Guatemala","3.29024046826826","GTM"
"520",2006,"Guatemala","2.81623867069486","GTM"
"521",2015,"Guinea","2.03124214176244","GIN"
"522",2014,"Guinea","2.03124214176244","GIN"
"523",2013,"Guinea","2.23881892758621","GIN"
"524",2012,"Guinea","2.620114","GIN"
"525",2011,"Guinea",NA,"GIN"
"526",2010,"Guinea",NA,"GIN"
"527",2009,"Guinea",NA,"GIN"
"528",2008,"Guinea",NA,"GIN"
"529",2007,"Guinea",NA,"GIN"
"530",2006,"Guinea",NA,"GIN"
"531",2015,"Guyana","3.31494906517344","GUY"
"532",2014,"Guyana","3.42472554660589","GUY"
"533",2013,"Guyana","3.49659473812155","GUY"
"534",2012,"Guyana","3.18916110520231","GUY"
"535",2011,"Guyana","3.26477843529412","GUY"
"536",2010,"Guyana","3.37710430957447","GUY"
"537",2009,"Guyana","3.2514018078534","GUY"
"538",2008,"Guyana","2.95544002195122","GUY"
"539",2007,"Guyana","2.79476625570376","GUY"
"540",2006,"Guyana","2.64595070422535","GUY"
"541",2015,"Haiti","2.65123930106292","HTI"
"542",2014,"Haiti","2.13956944706726","HTI"
"543",2013,"Haiti","2.03545721467391","HTI"
"544",2012,"Haiti","1.8183454084507","HTI"
"545",2011,"Haiti","1.737085","HTI"
"546",2010,"Haiti",NA,"HTI"
"547",2009,"Haiti",NA,"HTI"
"548",2008,"Haiti",NA,"HTI"
"549",2007,"Haiti",NA,"HTI"
"550",2006,"Haiti",NA,"HTI"
"551",2015,"Honduras","3.34153554563839","HND"
"552",2014,"Honduras","2.82835429754227","HND"
"553",2013,"Honduras","2.96886816737589","HND"
"554",2012,"Honduras","3.76336983859649","HND"
"555",2011,"Honduras","3.59818163425414","HND"
"556",2010,"Honduras","3.11707024652406","HND"
"557",2009,"Honduras","2.97956385","HND"
"558",2008,"Honduras","3.24104430893162","HND"
"559",2007,"Honduras","3.01716381783409","HND"
"560",2006,"Honduras","2.41900914634146","HND"
"561",2015,"Hong.Kong.SAR","6.31524079092618","HKG"
"562",2014,"Hong.Kong.SAR","6.32416553461378","HKG"
"563",2013,"Hong.Kong.SAR","6.28543785581395","HKG"
"564",2012,"Hong.Kong.SAR","6.043314525","HKG"
"565",2011,"Hong.Kong.SAR","6.08061591612903","HKG"
"566",2010,"Hong.Kong.SAR","6.14578191111111","HKG"
"567",2009,"Hong.Kong.SAR","6.0346299","HKG"
"568",2008,"Hong.Kong.SAR","6.02317355943563","HKG"
"569",2007,"Hong.Kong.SAR","5.93701643489254","HKG"
"570",2006,"Hong.Kong.SAR","5.60722659667542","HKG"
"571",2015,"Hungary","3.60923525094986","HUN"
"572",2014,"Hungary","4.03931480228056","HUN"
"573",2013,"Hungary","3.85826739371728","HUN"
"574",2012,"Hungary","3.69691648888889","HUN"
"575",2011,"Hungary","3.92069154580153","HUN"
"576",2010,"Hungary","4.03800779661017","HUN"
"577",2009,"Hungary","4.11835521878173","HUN"
"578",2008,"Hungary","4.33970165093276","HUN"
"579",2007,"Hungary","4.40808574959177","HUN"
"580",2006,"Hungary","4.27570869808158","HUN"
"581",2015,"Iceland","5.71572487936464","ISL"
"582",2014,"Iceland","5.51180465121053","ISL"
"583",2013,"Iceland","5.55888437663043","ISL"
"584",2012,"Iceland","5.74394222413793","ISL"
"585",2011,"Iceland","5.82791526715329","ISL"
"586",2010,"Iceland","5.90593101489362","ISL"
"587",2009,"Iceland","5.838371","ISL"
"588",2008,"Iceland","5.93940398195902","ISL"
"589",2007,"Iceland","6.05307706802336","ISL"
"590",2006,"Iceland","5.95833333333333","ISL"
"591",2015,"India","4.02086693205823","IND"
"592",2014,"India","4.21075814212357","IND"
"593",2013,"India","4.74369336714976","IND"
"594",2012,"India","4.52097294054054","IND"
"595",2011,"India","4.34392125470085","IND"
"596",2010,"India","4.76550362600897","IND"
"597",2009,"India","4.96114254367816","IND"
"598",2008,"India","4.91145774674702","IND"
"599",2007,"India","5.29519413772644","IND"
"600",2006,"India","5.61908386638237","IND"
"601",2015,"Indonesia","4.03199492413947","IDN"
"602",2014,"Indonesia","3.86238728911516","IDN"
"603",2013,"Indonesia","3.65749015428571","IDN"
"604",2012,"Indonesia","3.56895408965517","IDN"
"605",2011,"Indonesia","3.59936965","IDN"
"606",2010,"Indonesia","3.79730479545455","IDN"
"607",2009,"Indonesia","3.83235547514451","IDN"
"608",2008,"Indonesia","3.56678988072715","IDN"
"609",2007,"Indonesia","2.96711403412752","IDN"
"610",2006,"Indonesia","2.9742797265801","IDN"
"611",2015,"Iran..Islamic.Rep.","3.60921107481995","IRN"
"612",2014,"Iran..Islamic.Rep.","3.38676673234985","IRN"
"613",2013,"Iran..Islamic.Rep.","3.67051354844193","IRN"
"614",2012,"Iran..Islamic.Rep.","3.96171378576123","IRN"
"615",2011,"Iran..Islamic.Rep.","3.81667990606061","IRN"
"616",2010,"Iran..Islamic.Rep.","3.840323","IRN"
"617",2009,"Iran..Islamic.Rep.",NA,"IRN"
"618",2008,"Iran..Islamic.Rep.",NA,"IRN"
"619",2007,"Iran..Islamic.Rep.",NA,"IRN"
"620",2006,"Iran..Islamic.Rep.",NA,"IRN"
"621",2015,"Ireland","6.25867881272969","IRL"
"622",2014,"Ireland","6.27488325987055","IRL"
"623",2013,"Ireland","6.35154741709402","IRL"
"624",2012,"Ireland","6.32999207567568","IRL"
"625",2011,"Ireland","6.26610569072165","IRL"
"626",2010,"Ireland","6.2485926952381","IRL"
"627",2009,"Ireland","6.34293189051095","IRL"
"628",2008,"Ireland","6.22746999679397","IRL"
"629",2007,"Ireland","6.00649350649351","IRL"
"630",2006,"Ireland","6.10132866412607","IRL"
"631",2015,"Israel","5.75024098734702","ISR"
"632",2014,"Israel","5.77125751963647","ISR"
"633",2013,"Israel","5.76566445945946","ISR"
"634",2012,"Israel","5.8558248255102","ISR"
"635",2011,"Israel","6.18081220362319","ISR"
"636",2010,"Israel","6.20793515284091","ISR"
"637",2009,"Israel","6.02740150887574","ISR"
"638",2008,"Israel","5.72471054091243","ISR"
"639",2007,"Israel","6.0271911663216","ISR"
"640",2006,"Israel","6.05040422149308","ISR"
"641",2015,"Italy","3.56310843189111","ITA"
"642",2014,"Italy","3.53891741160705","ITA"
"643",2013,"Italy","3.71480755290698","ITA"
"644",2012,"Italy","3.77006067150838","ITA"
"645",2011,"Italy","3.99240285714286","ITA"
"646",2010,"Italy","3.47938736393443","ITA"
"647",2009,"Italy","3.13695451404494","ITA"
"648",2008,"Italy","3.59570312706553","ITA"
"649",2007,"Italy","3.79404352806415","ITA"
"650",2006,"Italy","3.54240207833733","ITA"
"651",2015,"Jamaica","4.75354104042053","JAM"
"652",2014,"Jamaica","4.53592414159543","JAM"
"653",2013,"Jamaica","4.43117469117647","JAM"
"654",2012,"Jamaica","4.40801913203125","JAM"
"655",2011,"Jamaica","4.43447704152542","JAM"
"656",2010,"Jamaica","4.45335627118644","JAM"
"657",2009,"Jamaica","4.64666545648148","JAM"
"658",2008,"Jamaica","4.5096477764151","JAM"
"659",2007,"Jamaica","4.22382632920592","JAM"
"660",2006,"Jamaica","4.17570595364339","JAM"
"661",2015,"Japan","6.18620698375087","JPN"
"662",2014,"Japan","6.16210465058338","JPN"
"663",2013,"Japan","5.9617747420354","JPN"
"664",2012,"Japan","5.82546076666667","JPN"
"665",2011,"Japan","5.82873751380753","JPN"
"666",2010,"Japan","5.69839315704225","JPN"
"667",2009,"Japan","5.49170661208054","JPN"
"668",2008,"Japan","5.38159392515592","JPN"
"669",2007,"Japan","5.51201637847979","JPN"
"670",2006,"Japan","5.4510958489251","JPN"
"671",2015,"Jordan","4.61305413927351","JOR"
"672",2014,"Jordan","4.46071201808733","JOR"
"673",2013,"Jordan","4.433684","JOR"
"674",2012,"Jordan","4.38754767619048","JOR"
"675",2011,"Jordan","4.35405286984127","JOR"
"676",2010,"Jordan","4.61408896542553","JOR"
"677",2009,"Jordan","4.96688187256637","JOR"
"678",2008,"Jordan","4.9649524704755","JOR"
"679",2007,"Jordan","4.87882529059528","JOR"
"680",2006,"Jordan","4.80784678522572","JOR"
"681",2015,"Kazakhstan","3.77232468468802","KAZ"
"682",2014,"Kazakhstan","3.43847503857448","KAZ"
"683",2013,"Kazakhstan","3.38699232619048","KAZ"
"684",2012,"Kazakhstan","3.18286184888889","KAZ"
"685",2011,"Kazakhstan","2.737292","KAZ"
"686",2010,"Kazakhstan","2.8584665495935","KAZ"
"687",2009,"Kazakhstan","3.10242688391167","KAZ"
"688",2008,"Kazakhstan","3.08078501481659","KAZ"
"689",2007,"Kazakhstan","2.84559230785492","KAZ"
"690",2006,"Kazakhstan","2.7956817936022","KAZ"
"691",2015,"Kenya","4.07447654409892","KEN"
"692",2014,"Kenya","4.12946304836056","KEN"
"693",2013,"Kenya","3.9705263245283","KEN"
"694",2012,"Kenya","3.40507786296296","KEN"
"695",2011,"Kenya","2.94211606341463","KEN"
"696",2010,"Kenya","2.57883892206573","KEN"
"697",2009,"Kenya","2.73703921588785","KEN"
"698",2008,"Kenya","3.00925840972191","KEN"
"699",2007,"Kenya","2.98493545964721","KEN"
"700",2006,"Kenya","2.95774683846337","KEN"
"701",2015,"Korea..Rep.","3.84433326721191","KOR"
"702",2014,"Korea..Rep.","3.50549205051128","KOR"
"703",2013,"Korea..Rep.","3.54186735530726","KOR"
"704",2012,"Korea..Rep.","3.68339726666667","KOR"
"705",2011,"Korea..Rep.","3.7556495","KOR"
"706",2010,"Korea..Rep.","3.98977375092251","KOR"
"707",2009,"Korea..Rep.","4.07892721800948","KOR"
"708",2008,"Korea..Rep.","4.77301538431372","KOR"
"709",2007,"Korea..Rep.","5.13344594594595","KOR"
"710",2006,"Korea..Rep.","4.15923620025674","KOR"
"711",2015,"Kuwait","4.91117273828258","KWT"
"712",2014,"Kuwait","4.86288168445857","KWT"
"713",2013,"Kuwait","4.95499061351351","KWT"
"714",2012,"Kuwait","4.91172344597701","KWT"
"715",2011,"Kuwait","5.12880821981132","KWT"
"716",2010,"Kuwait","4.93284578715596","KWT"
"717",2009,"Kuwait","4.63621272222222","KWT"
"718",2008,"Kuwait","5.03863774645669","KWT"
"719",2007,"Kuwait","5.22730910115525","KWT"
"720",2006,"Kuwait","5.18773739081431","KWT"
"721",2015,"Kyrgyz.Republic","2.88101382652918","KGZ"
"722",2014,"Kyrgyz.Republic","2.51646176190614","KGZ"
"723",2013,"Kyrgyz.Republic","2.1904905825","KGZ"
"724",2012,"Kyrgyz.Republic","1.93587725","KGZ"
"725",2011,"Kyrgyz.Republic","1.90926462022472","KGZ"
"726",2010,"Kyrgyz.Republic","2.06487505","KGZ"
"727",2009,"Kyrgyz.Republic","2.31570793631285","KGZ"
"728",2008,"Kyrgyz.Republic","2.34620773516484","KGZ"
"729",2007,"Kyrgyz.Republic","2.04563873195229","KGZ"
"730",2006,"Kyrgyz.Republic","1.82215128786557","KGZ"
"731",2015,"Lao.PDR","3.66799336891425","LAO"
"732",2014,"Lao.PDR","3.87946364028777","LAO"
"733",2013,"Lao.PDR","4.056045","LAO"
"734",2012,"Lao.PDR",NA,"LAO"
"735",2011,"Lao.PDR",NA,"LAO"
"736",2010,"Lao.PDR",NA,"LAO"
"737",2009,"Lao.PDR",NA,"LAO"
"738",2008,"Lao.PDR",NA,"LAO"
"739",2007,"Lao.PDR",NA,"LAO"
"740",2006,"Lao.PDR",NA,"LAO"
"741",2015,"Latvia","4.15598815181587","LVA"
"742",2014,"Latvia","4.00571706259246","LVA"
"743",2013,"Latvia","3.91136032307692","LVA"
"744",2012,"Latvia","3.98286144379562","LVA"
"745",2011,"Latvia","3.80970514458599","LVA"
"746",2010,"Latvia","3.66471405964126","LVA"
"747",2009,"Latvia","3.72518532727273","LVA"
"748",2008,"Latvia","3.75612819100529","LVA"
"749",2007,"Latvia","3.84947892559085","LVA"
"750",2006,"Latvia","3.66527331247722","LVA"
"751",2015,"Lebanon","2.69990669308287","LBN"
"752",2014,"Lebanon","2.05747213869115","LBN"
"753",2013,"Lebanon","2.31346968051948","LBN"
"754",2012,"Lebanon","2.38884641395349","LBN"
"755",2011,"Lebanon","2.48745740560748","LBN"
"756",2010,"Lebanon","2.726111","LBN"
"757",2009,"Lebanon",NA,"LBN"
"758",2008,"Lebanon",NA,"LBN"
"759",2007,"Lebanon",NA,"LBN"
"760",2006,"Lebanon",NA,"LBN"
"761",2015,"Lesotho","4.83136588086139","LSO"
"762",2014,"Lesotho","4.07883181615622","LSO"
"763",2013,"Lesotho","3.48982620268817","LSO"
"764",2012,"Lesotho","2.96676595238095","LSO"
"765",2011,"Lesotho","2.87812168292683","LSO"
"766",2010,"Lesotho","3.2363244212766","LSO"
"767",2009,"Lesotho","3.46052741428571","LSO"
"768",2008,"Lesotho","3.17808647323216","LSO"
"769",2007,"Lesotho","3.54977507872245","LSO"
"770",2006,"Lesotho","4","LSO"
"771",2015,"Liberia","4.22784805297852","LBR"
"772",2014,"Liberia",NA,"LBR"
"773",2013,"Liberia","3.42727275405405","LBR"
"774",2012,"Liberia","4.173107","LBR"
"775",2011,"Liberia",NA,"LBR"
"776",2010,"Liberia",NA,"LBR"
"777",2009,"Liberia",NA,"LBR"
"778",2008,"Liberia",NA,"LBR"
"779",2007,"Liberia",NA,"LBR"
"780",2006,"Liberia",NA,"LBR"
"781",2015,"Libya","","LBY"
"782",2014,"Libya","3.0389662180493","LBY"
"783",2013,"Libya","3.20052646666667","LBY"
"784",2012,"Libya","3.429807","LBY"
"785",2011,"Libya",NA,"LBY"
"786",2010,"Libya","3.12374608888889","LBY"
"787",2009,"Libya","3.94136048529412","LBY"
"788",2008,"Libya","4.19948015261768","LBY"
"789",2007,"Libya","3.92682926829268","LBY"
"790",2006,"Libya",NA,"LBY"
"791",2015,"Lithuania","3.86796485312057","LTU"
"792",2014,"Lithuania","3.64609551076721","LTU"
"793",2013,"Lithuania","3.70943120714286","LTU"
"794",2012,"Lithuania","3.48413600422961","LTU"
"795",2011,"Lithuania","3.39380216190476","LTU"
"796",2010,"Lithuania","3.59224379330544","LTU"
"797",2009,"Lithuania","3.73827101800948","LTU"
"798",2008,"Lithuania","3.8199398535471","LTU"
"799",2007,"Lithuania","3.60196480800885","LTU"
"800",2006,"Lithuania","3.14286195286195","LTU"
"801",2015,"Luxembourg","6.22154713040691","LUX"
"802",2014,"Luxembourg","5.99690854050417","LUX"
"803",2013,"Luxembourg","5.66268007352941","LUX"
"804",2012,"Luxembourg","5.84472893125","LUX"
"805",2011,"Luxembourg","6.09100740240964","LUX"
"806",2010,"Luxembourg","5.86711075813954","LUX"
"807",2009,"Luxembourg","5.9879671902439","LUX"
"808",2008,"Luxembourg","5.86072334950166","LUX"
"809",2007,"Luxembourg","5.55170929925922","LUX"
"810",2006,"Luxembourg","5.64934059925859","LUX"
"811",2015,"Macedonia..FYR","3.26986794651679","MKD"
"812",2014,"Macedonia..FYR","3.52440895398779","MKD"
"813",2013,"Macedonia..FYR","3.17439114678363","MKD"
"814",2012,"Macedonia..FYR","2.84215707598039","MKD"
"815",2011,"Macedonia..FYR","2.88704034793814","MKD"
"816",2010,"Macedonia..FYR","2.94326954411765","MKD"
"817",2009,"Macedonia..FYR","2.95099243157895","MKD"
"818",2008,"Macedonia..FYR","2.78558313989329","MKD"
"819",2007,"Macedonia..FYR","2.54229361830637","MKD"
"820",2006,"Macedonia..FYR","2.35329001367989","MKD"
"821",2015,"Madagascar","2.5487104691889","MDG"
"822",2014,"Madagascar","2.17058995506263","MDG"
"823",2013,"Madagascar","2.14037315100402","MDG"
"824",2012,"Madagascar","2.20970506404494","MDG"
"825",2011,"Madagascar","2.25777532426036","MDG"
"826",2010,"Madagascar","2.50071446902174","MDG"
"827",2009,"Madagascar","2.80035910845771","MDG"
"828",2008,"Madagascar","2.97306763206477","MDG"
"829",2007,"Madagascar","3.00306983224022","MDG"
"830",2006,"Madagascar","2.91778265009293","MDG"
"831",2015,"Malawi","4.07658566128124","MWI"
"832",2014,"Malawi","3.99921516155317","MWI"
"833",2013,"Malawi","3.97628032241379","MWI"
"834",2012,"Malawi","4.14288392","MWI"
"835",2011,"Malawi","4.3433566","MWI"
"836",2010,"Malawi","4.64970620718232","MWI"
"837",2009,"Malawi","4.92167393541667","MWI"
"838",2008,"Malawi","5.088391","MWI"
"839",2007,"Malawi",NA,"MWI"
"840",2006,"Malawi",NA,"MWI"
"841",2015,"Malaysia","4.95634573486251","MYS"
"842",2014,"Malaysia","4.8699296834728","MYS"
"843",2013,"Malaysia","4.54774084594595","MYS"
"844",2012,"Malaysia","4.62439413554217","MYS"
"845",2011,"Malaysia","4.67785106192893","MYS"
"846",2010,"Malaysia","4.33853307640449","MYS"
"847",2009,"Malaysia","4.20573034782609","MYS"
"848",2008,"Malaysia","4.65640132720831","MYS"
"849",2007,"Malaysia","5.23651319617073","MYS"
"850",2006,"Malaysia","5.35514014466546","MYS"
"851",2015,"Mali","3.76298687984777","MLI"
"852",2014,"Mali","3.06966900636488","MLI"
"853",2013,"Mali","2.62939697653061","MLI"
"854",2012,"Mali","2.79270881428571","MLI"
"855",2011,"Mali","2.73259477581967","MLI"
"856",2010,"Mali","2.84773307216495","MLI"
"857",2009,"Mali","3.55879715260116","MLI"
"858",2008,"Mali","3.74537304866047","MLI"
"859",2007,"Mali","3.72963005630517","MLI"
"860",2006,"Mali","3.74817473556006","MLI"
"861",2015,"Malta","4.83344014031547","MLT"
"862",2014,"Malta","4.60918490338804","MLT"
"863",2013,"Malta","4.78220544","MLT"
"864",2012,"Malta","5.01749689090909","MLT"
"865",2011,"Malta","5.13462913333333","MLT"
"866",2010,"Malta","5.0404656","MLT"
"867",2009,"Malta","5.0651042125","MLT"
"868",2008,"Malta","5.32247798502383","MLT"
"869",2007,"Malta","5.30713876694026","MLT"
"870",2006,"Malta","5.20035683230472","MLT"
"871",2015,"Mauritania","2.03571127298716","MRT"
"872",2014,"Mauritania","2.33116272952277","MRT"
"873",2013,"Mauritania","2.41523532352941","MRT"
"874",2012,"Mauritania","2.82483295490196","MRT"
"875",2011,"Mauritania","2.61159077557252","MRT"
"876",2010,"Mauritania","2.38465237118644","MRT"
"877",2009,"Mauritania","2.91955401111111","MRT"
"878",2008,"Mauritania","3.12054689444444","MRT"
"879",2007,"Mauritania","3.44305352274358","MRT"
"880",2006,"Mauritania","3.82608695652174","MRT"
"881",2015,"Mauritius","5.01275483822","MUS"
"882",2014,"Mauritius","5.0576836944246","MUS"
"883",2013,"Mauritius","5.00087368333333","MUS"
"884",2012,"Mauritius","5.05885965698925","MUS"
"885",2011,"Mauritius","4.85723719464286","MUS"
"886",2010,"Mauritius","4.82527676946565","MUS"
"887",2009,"Mauritius","5.03921990196078","MUS"
"888",2008,"Mauritius","5.02296421385281","MUS"
"889",2007,"Mauritius","4.71893939393939","MUS"
"890",2006,"Mauritius","4.11354359925789","MUS"
"891",2015,"Mexico","3.1742305619376","MEX"
"892",2014,"Mexico","3.1979045514752","MEX"
"893",2013,"Mexico","3.34806136220736","MEX"
"894",2012,"Mexico","3.3644231335443","MEX"
"895",2011,"Mexico","3.24259912857143","MEX"
"896",2010,"Mexico","3.21562175403226","MEX"
"897",2009,"Mexico","3.23774505286344","MEX"
"898",2008,"Mexico","3.41222574701143","MEX"
"899",2007,"Mexico","3.5810865045269","MEX"
"900",2006,"Mexico","3.56965939413618","MEX"
"901",2015,"Moldova","2.06072565756823","MDA"
"902",2014,"Moldova","1.95380918313394","MDA"
"903",2013,"Moldova","1.92297151623932","MDA"
"904",2012,"Moldova","2.07829728181818","MDA"
"905",2011,"Moldova","2.19319267464789","MDA"
"906",2010,"Moldova","2.269195","MDA"
"907",2009,"Moldova",NA,"MDA"
"908",2008,"Moldova",NA,"MDA"
"909",2007,"Moldova",NA,"MDA"
"910",2006,"Moldova",NA,"MDA"
"911",2015,"Mongolia","3.14753084182739","MNG"
"912",2014,"Mongolia","2.90892701672265","MNG"
"913",2013,"Mongolia","2.86508530584795","MNG"
"914",2012,"Mongolia","2.75037438106509","MNG"
"915",2011,"Mongolia","2.60043167272727","MNG"
"916",2010,"Mongolia","2.58592666097561","MNG"
"917",2009,"Mongolia","2.53535287134146","MNG"
"918",2008,"Mongolia","2.48283269003286","MNG"
"919",2007,"Mongolia","2.51711026715558","MNG"
"920",2006,"Mongolia","2.475098319029","MNG"
"921",2015,"Montenegro","3.4339355291601","MNE"
"922",2014,"Montenegro","3.36870469359152","MNE"
"923",2013,"Montenegro","3.64203964935065","MNE"
"924",2012,"Montenegro","3.91769632077922","MNE"
"925",2011,"Montenegro","4.16541501719745","MNE"
"926",2010,"Montenegro","4.09828701490683","MNE"
"927",2009,"Montenegro","3.79344822392638","MNE"
"928",2008,"Montenegro","3.41740687058824","MNE"
"929",2007,"Montenegro","3","MNE"
"930",2006,"Montenegro",NA,"MNE"
"931",2015,"Morocco","3.54210965463093","MAR"
"932",2014,"Morocco","3.51980066963125","MAR"
"933",2013,"Morocco","3.39069199016393","MAR"
"934",2012,"Morocco","3.50164494626866","MAR"
"935",2011,"Morocco","3.570963","MAR"
"936",2010,"Morocco","3.48275862335025","MAR"
"937",2009,"Morocco","3.51757096435644","MAR"
"938",2008,"Morocco","3.89960750101305","MAR"
"939",2007,"Morocco","3.83617352096615","MAR"
"940",2006,"Morocco","3.29166263560703","MAR"
"941",2015,"Mozambique","2.6142019573202","MOZ"
"942",2014,"Mozambique","2.47674121351021","MOZ"
"943",2013,"Mozambique","2.55610164382022","MOZ"
"944",2012,"Mozambique","2.44022633103448","MOZ"
"945",2011,"Mozambique","2.6955243295082","MOZ"
"946",2010,"Mozambique","2.93313019855072","MOZ"
"947",2009,"Mozambique","2.96258118136646","MOZ"
"948",2008,"Mozambique","3.08746523540373","MOZ"
"949",2007,"Mozambique","2.77711882362912","MOZ"
"950",2006,"Mozambique","2.47263499658237","MOZ"
"951",2015,"Myanmar","2.61817264190087","MMR"
"952",2014,"Myanmar","2.60245040708392","MMR"
"953",2013,"Myanmar","2.838139","MMR"
"954",2012,"Myanmar",NA,"MMR"
"955",2011,"Myanmar",NA,"MMR"
"956",2010,"Myanmar",NA,"MMR"
"957",2009,"Myanmar",NA,"MMR"
"958",2008,"Myanmar",NA,"MMR"
"959",2007,"Myanmar",NA,"MMR"
"960",2006,"Myanmar",NA,"MMR"
"961",2015,"Namibia","4.80969509733351","NAM"
"962",2014,"Namibia","4.67440084596415","NAM"
"963",2013,"Namibia","4.70986898509317","NAM"
"964",2012,"Namibia","4.55411277324841","NAM"
"965",2011,"Namibia","4.86684011794872","NAM"
"966",2010,"Namibia","5.46023819793814","NAM"
"967",2009,"Namibia","5.67356147959184","NAM"
"968",2008,"Namibia","5.52394827673993","NAM"
"969",2007,"Namibia","5.13943275214975","NAM"
"970",2006,"Namibia","5.07628716965989","NAM"
"971",2015,"Nepal","3.70912590586273","NPL"
"972",2014,"Nepal","3.32710696414363","NPL"
"973",2013,"Nepal","3.2997727","NPL"
"974",2012,"Nepal","3.27827476923077","NPL"
"975",2011,"Nepal","3.17794866","NPL"
"976",2010,"Nepal","3.20890520201005","NPL"
"977",2009,"Nepal","3.2986383825","NPL"
"978",2008,"Nepal","3.22878078178178","NPL"
"979",2007,"Nepal","3.68259666899604","NPL"
"980",2006,"Nepal","4.09722222222222","NPL"
"981",2015,"Netherlands","6.2704479184067","NLD"
"982",2014,"Netherlands","6.08945704738717","NLD"
"983",2013,"Netherlands","6.17768962366864","NLD"
"984",2012,"Netherlands","6.43890825621302","NLD"
"985",2011,"Netherlands","6.34644377741935","NLD"
"986",2010,"Netherlands","6.22554136513761","NLD"
"987",2009,"Netherlands","6.36638111971154","NLD"
"988",2008,"Netherlands","6.50952044156626","NLD"
"989",2007,"Netherlands","6.40650980392157","NLD"
"990",2006,"Netherlands","6.25451559934319","NLD"
"991",2015,"New.Zealand","6.68353385212778","NZL"
"992",2014,"New.Zealand","6.7496471810809","NZL"
"993",2013,"New.Zealand","6.67827948369565","NZL"
"994",2012,"New.Zealand","6.69072184433962","NZL"
"995",2011,"New.Zealand","6.7319216893617","NZL"
"996",2010,"New.Zealand","6.75798572777778","NZL"
"997",2009,"New.Zealand","6.7381322","NZL"
"998",2008,"New.Zealand","6.63158107792208","NZL"
"999",2007,"New.Zealand","6.48986498649865","NZL"
"1000",2006,"New.Zealand","6.18377633576673","NZL"
"1001",2015,"Nicaragua","1.67869048118591","NIC"
"1002",2014,"Nicaragua","2.25171100438189","NIC"
"1003",2013,"Nicaragua","2.63744040273973","NIC"
"1004",2012,"Nicaragua","2.21837198235294","NIC"
"1005",2011,"Nicaragua","1.80272931875","NIC"
"1006",2010,"Nicaragua","2.08609535","NIC"
"1007",2009,"Nicaragua","2.17517809878049","NIC"
"1008",2008,"Nicaragua","1.76709928275862","NIC"
"1009",2007,"Nicaragua","1.57702315899037","NIC"
"1010",2006,"Nicaragua","1.36653244565653","NIC"
"1011",2015,"Nigeria","3.31817960762061","NGA"
"1012",2014,"Nigeria","3.07134935872863","NGA"
"1013",2013,"Nigeria","3.20956349014084","NGA"
"1014",2012,"Nigeria","3.68615379345794","NGA"
"1015",2011,"Nigeria","3.71041685507246","NGA"
"1016",2010,"Nigeria","3.48202326818182","NGA"
"1017",2009,"Nigeria","4.07611298571429","NGA"
"1018",2008,"Nigeria","4.2606440750824","NGA"
"1019",2007,"Nigeria","3.52186580766813","NGA"
"1020",2006,"Nigeria","3.45810211731072","NGA"
"1021",2015,"Norway","6.50281274129474","NOR"
"1022",2014,"Norway","6.34494164748987","NOR"
"1023",2013,"Norway","6.25452167762238","NOR"
"1024",2012,"Norway","6.24063010245902","NOR"
"1025",2011,"Norway","6.28110684201681","NOR"
"1026",2010,"Norway","6.2232512164557","NOR"
"1027",2009,"Norway","6.1667280796748","NOR"
"1028",2008,"Norway","6.08796692702703","NOR"
"1029",2007,"Norway","6.08615330313092","NOR"
"1030",2006,"Norway","6.1747990815155","NOR"
"1031",2015,"Oman","4.51296420206969","OMN"
"1032",2014,"Oman","5.10632320902572","OMN"
"1033",2013,"Oman","5.282073","OMN"
"1034",2012,"Oman","5.12448697432432","OMN"
"1035",2011,"Oman","5.09892729525692","OMN"
"1036",2010,"Oman","5.10312194871795","OMN"
"1037",2009,"Oman","5.21450134193548","OMN"
"1038",2008,"Oman","5.15129508156817","OMN"
"1039",2007,"Oman","4.6583850931677","OMN"
"1040",2006,"Oman",NA,"OMN"
"1041",2015,"Pakistan","3.56158506169039","PAK"
"1042",2014,"Pakistan","3.8188168606613","PAK"
"1043",2013,"Pakistan","4.06151703333333","PAK"
"1044",2012,"Pakistan","4.09898987083333","PAK"
"1045",2011,"Pakistan","3.93353256896552","PAK"
"1046",2010,"Pakistan","3.55356895444015","PAK"
"1047",2009,"Pakistan","3.1147037255814","PAK"
"1048",2008,"Pakistan","3.22285961536643","PAK"
"1049",2007,"Pakistan","3.50902441285787","PAK"
"1050",2006,"Pakistan","2.99548589341693","PAK"
"1051",2015,"Panama","2.64969419834766","PAN"
"1052",2014,"Panama","2.7078834752797","PAN"
"1053",2013,"Panama","2.69664686920152","PAN"
"1054",2012,"Panama","2.29088384494382","PAN"
"1055",2011,"Panama","2.10883036385542","PAN"
"1056",2010,"Panama","2.50943375555556","PAN"
"1057",2009,"Panama","2.96436272349727","PAN"
"1058",2008,"Panama","2.66245015513775","PAN"
"1059",2007,"Panama","2.47493114158462","PAN"
"1060",2006,"Panama","2.4700361512792","PAN"
"1061",2015,"Paraguay","1.9519989588947","PRY"
"1062",2014,"Paraguay","1.64850111089182","PRY"
"1063",2013,"Paraguay","1.71344694202899","PRY"
"1064",2012,"Paraguay","1.85918582528736","PRY"
"1065",2011,"Paraguay","1.77777370639269","PRY"
"1066",2010,"Paraguay","1.69956837204724","PRY"
"1067",2009,"Paraguay","1.57341038765432","PRY"
"1068",2008,"Paraguay","1.45068102980769","PRY"
"1069",2007,"Paraguay","1.54838940999121","PRY"
"1070",2006,"Paraguay","1.55221576396145","PRY"
"1071",2015,"Peru","2.79911156852137","PER"
"1072",2014,"Peru","2.47045245410444","PER"
"1073",2013,"Peru","2.53846130740741","PER"
"1074",2012,"Peru","2.48342330643275","PER"
"1075",2011,"Peru","2.61756085172414","PER"
"1076",2010,"Peru","2.61352286571429","PER"
"1077",2009,"Peru","2.85596350057803","PER"
"1078",2008,"Peru","2.72765608190683","PER"
"1079",2007,"Peru","2.19332795190113","PER"
"1080",2006,"Peru","1.98834780414404","PER"
"1081",2015,"Philippines","3.73472448348999","PHL"
"1082",2014,"Philippines","3.55313675060595","PHL"
"1083",2013,"Philippines","3.16607705726872","PHL"
"1084",2012,"Philippines","3.01572305333333","PHL"
"1085",2011,"Philippines","2.94874154285714","PHL"
"1086",2010,"Philippines","2.8440109553719","PHL"
"1087",2009,"Philippines","3.13645216836735","PHL"
"1088",2008,"Philippines","3.47191340926239","PHL"
"1089",2007,"Philippines","3.31389030539974","PHL"
"1090",2006,"Philippines","3.07528030473196","PHL"
"1091",2015,"Poland","4.19122755078302","POL"
"1092",2014,"Poland","4.10839391372549","POL"
"1093",2013,"Poland","4.09041334830918","POL"
"1094",2012,"Poland","4.24747950247525","POL"
"1095",2011,"Poland","4.3326612870334","POL"
"1096",2010,"Poland","4.33390567474747","POL"
"1097",2009,"Poland","4.14378134052045","POL"
"1098",2008,"Poland","3.71760114691092","POL"
"1099",2007,"Poland","3.53716420200276","POL"
"1100",2006,"Poland","3.45469131968624","POL"
"1101",2015,"Portugal","4.64229716387662","PRT"
"1102",2014,"Portugal","4.49058312586772","PRT"
"1103",2013,"Portugal","4.17778516744186","PRT"
"1104",2012,"Portugal","3.86907386374502","PRT"
"1105",2011,"Portugal","3.93397077782427","PRT"
"1106",2010,"Portugal","4.28549741141304","PRT"
"1107",2009,"Portugal","4.69616311923077","PRT"
"1108",2008,"Portugal","5.21452123294973","PRT"
"1109",2007,"Portugal","5.67808191808192","PRT"
"1110",2006,"Portugal","5.62809523809524","PRT"
"1111",2015,"Puerto.Rico","","PRI"
"1112",2014,"Puerto.Rico","4.52145462954898","PRI"
"1113",2013,"Puerto.Rico","4.65999659765625","PRI"
"1114",2012,"Puerto.Rico","4.64073650671642","PRI"
"1115",2011,"Puerto.Rico","4.49153476418919","PRI"
"1116",2010,"Puerto.Rico","4.72743266666667","PRI"
"1117",2009,"Puerto.Rico","4.86415070359712","PRI"
"1118",2008,"Puerto.Rico","4.8940572406015","PRI"
"1119",2007,"Puerto.Rico","5","PRI"
"1120",2006,"Puerto.Rico",NA,"PRI"
"1121",2015,"Qatar","5.90762102454181","QAT"
"1122",2014,"Qatar","5.97471059338884","QAT"
"1123",2013,"Qatar","6.08040586943232","QAT"
"1124",2012,"Qatar","6.19621721969697","QAT"
"1125",2011,"Qatar","6.024066","QAT"
"1126",2010,"Qatar","6.31552878709677","QAT"
"1127",2009,"Qatar","6.29281546855346","QAT"
"1128",2008,"Qatar","5.66234202611517","QAT"
"1129",2007,"Qatar","5.50455133995784","QAT"
"1130",2006,"Qatar","5.50309222341954","QAT"
"1131",2015,"Romania","3.95668483606264","ROU"
"1132",2014,"Romania","3.46204606882551","ROU"
"1133",2013,"Romania","2.83312658308458","ROU"
"1134",2012,"Romania","2.68945116770833","ROU"
"1135",2011,"Romania","3.10943891752577","ROU"
"1136",2010,"Romania","3.4742072137931","ROU"
"1137",2009,"Romania","3.45367685771812","ROU"
"1138",2008,"Romania","3.2932510878453","ROU"
"1139",2007,"Romania","3.08660965761381","ROU"
"1140",2006,"Romania","2.74178728200526","ROU"
"1141",2015,"Russian.Federation","2.90473653655725","RUS"
"1142",2014,"Russian.Federation","2.90473653655725","RUS"
"1143",2013,"Russian.Federation","2.67707855932203","RUS"
"1144",2012,"Russian.Federation","2.55623200505689","RUS"
"1145",2011,"Russian.Federation","2.59708266445367","RUS"
"1146",2010,"Russian.Federation","2.72341881680672","RUS"
"1147",2009,"Russian.Federation","2.69421375161744","RUS"
"1148",2008,"Russian.Federation","2.91089764157684","RUS"
"1149",2007,"Russian.Federation","2.6960198489391","RUS"
"1150",2006,"Russian.Federation","2.29428412616376","RUS"
"1151",2015,"Rwanda","5.21402549094964","RWA"
"1152",2014,"Rwanda","4.884901","RWA"
"1153",2013,"Rwanda","5.04117283966942","RWA"
"1154",2012,"Rwanda","5.312704","RWA"
"1155",2011,"Rwanda","5.21402753424658","RWA"
"1156",2010,"Rwanda","5.081084","RWA"
"1157",2009,"Rwanda",NA,"RWA"
"1158",2008,"Rwanda",NA,"RWA"
"1159",2007,"Rwanda",NA,"RWA"
"1160",2006,"Rwanda",NA,"RWA"
"1161",2015,"Saudi.Arabia","5.28244514183866","SAU"
"1162",2014,"Saudi.Arabia","5.21353755652437","SAU"
"1163",2013,"Saudi.Arabia","5.28545079059829","SAU"
"1164",2012,"Saudi.Arabia","5.30272469230769","SAU"
"1165",2011,"Saudi.Arabia","5.578257","SAU"
"1166",2010,"Saudi.Arabia","5.20061595","SAU"
"1167",2009,"Saudi.Arabia","5.00013048512397","SAU"
"1168",2008,"Saudi.Arabia","4.9799178845039","SAU"
"1169",2007,"Saudi.Arabia","4.39130434782609","SAU"
"1170",2006,"Saudi.Arabia",NA,"SAU"
"1171",2015,"Senegal","3.75859915080823","SEN"
"1172",2014,"Senegal","3.52355860774251","SEN"
"1173",2013,"Senegal","3.06552213541667","SEN"
"1174",2012,"Senegal","2.6209979826087","SEN"
"1175",2011,"Senegal","2.75453643979058","SEN"
"1176",2010,"Senegal","3.09336307035176","SEN"
"1177",2009,"Senegal","2.74104994871795","SEN"
"1178",2008,"Senegal","2.62884315011085","SEN"
"1179",2007,"Senegal","2.51898734177215","SEN"
"1180",2006,"Senegal",NA,"SEN"
"1181",2015,"Serbia","2.60981473155956","SRB"
"1182",2014,"Serbia","2.55525568950958","SRB"
"1183",2013,"Serbia","2.55945607437186","SRB"
"1184",2012,"Serbia","2.442485625","SRB"
"1185",2011,"Serbia","2.4300740621118","SRB"
"1186",2010,"Serbia","2.52709314683544","SRB"
"1187",2009,"Serbia","2.82379148421053","SRB"
"1188",2008,"Serbia","2.99839737343199","SRB"
"1189",2007,"Serbia","2.81395348837209","SRB"
"1190",2006,"Serbia",NA,"SRB"
"1191",2015,"Seychelles","4.11847527874668","SYC"
"1192",2014,"Seychelles","4.11847527874668","SYC"
"1193",2013,"Seychelles","4.12881454603175","SYC"
"1194",2012,"Seychelles","3.963006","SYC"
"1195",2011,"Seychelles",NA,"SYC"
"1196",2010,"Seychelles",NA,"SYC"
"1197",2009,"Seychelles",NA,"SYC"
"1198",2008,"Seychelles",NA,"SYC"
"1199",2007,"Seychelles",NA,"SYC"
"1200",2006,"Seychelles",NA,"SYC"
"1201",2015,"Sierra.Leone","2.66260043194419","SLE"
"1202",2014,"Sierra.Leone","2.80888380493459","SLE"
"1203",2013,"Sierra.Leone","3.0566325","SLE"
"1204",2012,"Sierra.Leone","2.825792","SLE"
"1205",2011,"Sierra.Leone",NA,"SLE"
"1206",2010,"Sierra.Leone",NA,"SLE"
"1207",2009,"Sierra.Leone",NA,"SLE"
"1208",2008,"Sierra.Leone",NA,"SLE"
"1209",2007,"Sierra.Leone",NA,"SLE"
"1210",2006,"Sierra.Leone",NA,"SLE"
"1211",2015,"Singapore","5.54097219167686","SGP"
"1212",2014,"Singapore","5.66799371852875","SGP"
"1213",2013,"Singapore","5.67691802987805","SGP"
"1214",2012,"Singapore","5.6928858","SGP"
"1215",2011,"Singapore","5.64037168978102","SGP"
"1216",2010,"Singapore","5.63827905413534","SGP"
"1217",2009,"Singapore","5.79383641428571","SGP"
"1218",2008,"Singapore","5.90926339261333","SGP"
"1219",2007,"Singapore","5.59767766706542","SGP"
"1220",2006,"Singapore","5.29428949766048","SGP"
"1221",2015,"Slovak.Republic","2.58790218920647","SVK"
"1222",2014,"Slovak.Republic","2.25949934905066","SVK"
"1223",2013,"Slovak.Republic","2.33605427032967","SVK"
"1224",2012,"Slovak.Republic","2.66970302328767","SVK"
"1225",2011,"Slovak.Republic","2.66088432857143","SVK"
"1226",2010,"Slovak.Republic","2.9049754015748","SVK"
"1227",2009,"Slovak.Republic","3.5060577986755","SVK"
"1228",2008,"Slovak.Republic","3.65458342592593","SVK"
"1229",2007,"Slovak.Republic","3.60664460987042","SVK"
"1230",2006,"Slovak.Republic","3.47113515997724","SVK"
"1231",2015,"Slovenia","3.49989564223368","SVN"
"1232",2014,"Slovenia","3.35282503436338","SVN"
"1233",2013,"Slovenia","3.56763222788462","SVN"
"1234",2012,"Slovenia","3.76174282606635","SVN"
"1235",2011,"Slovenia","3.779263","SVN"
"1236",2010,"Slovenia","4.24694517630332","SVN"
"1237",2009,"Slovenia","4.44977461351351","SVN"
"1238",2008,"Slovenia","4.18460752902165","SVN"
"1239",2007,"Slovenia","4.48851041360087","SVN"
"1240",2006,"Slovenia","4.27105429292929","SVN"
"1241",2015,"South.Africa","5.44436057055438","ZAF"
"1242",2014,"South.Africa","5.43929395819731","ZAF"
"1243",2013,"South.Africa","5.48132279130435","ZAF"
"1244",2012,"South.Africa","5.28682148823529","ZAF"
"1245",2011,"South.Africa","4.97319705","ZAF"
"1246",2010,"South.Africa","4.69884359207921","ZAF"
"1247",2009,"South.Africa","4.9599761","ZAF"
"1248",2008,"South.Africa","5.24653365707196","ZAF"
"1249",2007,"South.Africa","5.45117119722383","ZAF"
"1250",2006,"South.Africa","5.24779518353986","ZAF"
"1251",2015,"Spain","3.53898125886917","ESP"
"1252",2014,"Spain","3.20303154475136","ESP"
"1253",2013,"Spain","3.67825786","ESP"
"1254",2012,"Spain","4.00640407680412","ESP"
"1255",2011,"Spain","3.91639449821429","ESP"
"1256",2010,"Spain","3.8180746875","ESP"
"1257",2009,"Spain","4.06568479545455","ESP"
"1258",2008,"Spain","4.26428705357143","ESP"
"1259",2007,"Spain","3.75533708580597","ESP"
"1260",2006,"Spain","3.74006815231294","ESP"
"1261",2015,"Sri.Lanka","4.24925222130596","LKA"
"1262",2014,"Sri.Lanka","3.63512704759472","LKA"
"1263",2013,"Sri.Lanka","3.93415756585366","LKA"
"1264",2012,"Sri.Lanka","4.104696","LKA"
"1265",2011,"Sri.Lanka","4.30486416551724","LKA"
"1266",2010,"Sri.Lanka","4.6525784040404","LKA"
"1267",2009,"Sri.Lanka","4.52228523654822","LKA"
"1268",2008,"Sri.Lanka","4.24285730944738","LKA"
"1269",2007,"Sri.Lanka","3.9580198915009","LKA"
"1270",2006,"Sri.Lanka","3.2634858812074","LKA"
"1271",2015,"Suriname","","SUR"
"1272",2014,"Suriname","3.84836289628967","SUR"
"1273",2013,"Suriname","4.00682996321839","SUR"
"1274",2012,"Suriname","4.13491578591549","SUR"
"1275",2011,"Suriname","4.352994","SUR"
"1276",2010,"Suriname",NA,"SUR"
"1277",2009,"Suriname",NA,"SUR"
"1278",2008,"Suriname",NA,"SUR"
"1279",2007,"Suriname",NA,"SUR"
"1280",2006,"Suriname",NA,"SUR"
"1281",2015,"Swaziland","2.86261907815933","SWZ"
"1282",2014,"Swaziland","3.47396884110565","SWZ"
"1283",2013,"Swaziland","3.46510154096386","SWZ"
"1284",2012,"Swaziland","3.2735446","SWZ"
"1285",2011,"Swaziland","3.59036228421053","SWZ"
"1286",2010,"Swaziland","3.617751","SWZ"
"1287",2009,"Swaziland",NA,"SWZ"
"1288",2008,"Swaziland",NA,"SWZ"
"1289",2007,"Swaziland",NA,"SWZ"
"1290",2006,"Swaziland",NA,"SWZ"
"1291",2015,"Sweden","5.93096766471863","SWE"
"1292",2014,"Sweden","5.70644253831776","SWE"
"1293",2013,"Sweden","6.15270046393443","SWE"
"1294",2012,"Sweden","6.20889602568807","SWE"
"1295",2011,"Sweden","6.47117500289855","SWE"
"1296",2010,"Sweden","6.55539506666667","SWE"
"1297",2009,"Sweden","6.60702733493976","SWE"
"1298",2008,"Sweden","6.59761423209877","SWE"
"1299",2007,"Sweden","6.15754662004662","SWE"
"1300",2006,"Sweden","5.40620629370629","SWE"
"1301",2015,"Switzerland","6.27611426940331","CHE"
"1302",2014,"Switzerland","6.0702470271144","CHE"
"1303",2013,"Switzerland","6.08223237666667","CHE"
"1304",2012,"Switzerland","6.27656154319527","CHE"
"1305",2011,"Switzerland","6.40479453301435","CHE"
"1306",2010,"Switzerland","6.38591173873874","CHE"
"1307",2009,"Switzerland","6.3709565575","CHE"
"1308",2008,"Switzerland","6.5093663624269","CHE"
"1309",2007,"Switzerland","6.29697100200976","CHE"
"1310",2006,"Switzerland","6.12165555555556","CHE"
"1311",2015,"Syria","","SYR"
"1312",2014,"Syria",NA,"SYR"
"1313",2013,"Syria",NA,"SYR"
"1314",2012,"Syria",NA,"SYR"
"1315",2011,"Syria","2.75606887193878","SYR"
"1316",2010,"Syria","2.88086743037975","SYR"
"1317",2009,"Syria","3.32384319541985","SYR"
"1318",2008,"Syria","3.61832803930293","SYR"
"1319",2007,"Syria","3.49462365591398","SYR"
"1320",2006,"Syria",NA,"SYR"
"1321",2015,"Taiwan..China","4.35042280252067","TWN"
"1322",2014,"Taiwan..China","4.23975688390727","TWN"
"1323",2013,"Taiwan..China","4.5420163035461","TWN"
"1324",2012,"Taiwan..China","4.63812425217391","TWN"
"1325",2011,"Taiwan..China","4.65619400601504","TWN"
"1326",2010,"Taiwan..China","4.59800640629921","TWN"
"1327",2009,"Taiwan..China","4.61220981889764","TWN"
"1328",2008,"Taiwan..China","4.57383182790698","TWN"
"1329",2007,"Taiwan..China","4.29650026088253","TWN"
"1330",2006,"Taiwan..China","4.15620272874628","TWN"
"1331",2015,"Tajikistan","4.08543696427586","TJK"
"1332",2014,"Tajikistan","3.59375","TJK"
"1333",2013,"Tajikistan",NA,"TJK"
"1334",2012,"Tajikistan","3.94177706919192","TJK"
"1335",2011,"Tajikistan","3.71730322311558","TJK"
"1336",2010,"Tajikistan","3.19198867208122","TJK"
"1337",2009,"Tajikistan","3.33035165","TJK"
"1338",2008,"Tajikistan","3.51635397789684","TJK"
"1339",2007,"Tajikistan","3.33401765919547","TJK"
"1340",2006,"Tajikistan","3.13176360945124","TJK"
"1341",2015,"Tanzania","3.41882848739624","TZA"
"1342",2014,"Tanzania","3.20373915483457","TZA"
"1343",2013,"Tanzania","3.23427746020942","TZA"
"1344",2012,"Tanzania","3.53987031308901","TZA"
"1345",2011,"Tanzania","3.61398773483146","TZA"
"1346",2010,"Tanzania","3.50618342459016","TZA"
"1347",2009,"Tanzania","3.70724445","TZA"
"1348",2008,"Tanzania","3.87626275404484","TZA"
"1349",2007,"Tanzania","4.04397291493606","TZA"
"1350",2006,"Tanzania","4.35369493250294","TZA"
"1351",2015,"Thailand","4.08204665037128","THA"
"1352",2014,"Thailand","3.80245061940841","THA"
"1353",2013,"Thailand","3.79891671863354","THA"
"1354",2012,"Thailand","4.01203723076923","THA"
"1355",2011,"Thailand","4.20345027894737","THA"
"1356",2010,"Thailand","4.31982975862069","THA"
"1357",2009,"Thailand","4.19909013609467","THA"
"1358",2008,"Thailand","4.43080253711814","THA"
"1359",2007,"Thailand","4.72088888888889","THA"
"1360",2006,"Thailand","4.41073863636364","THA"
"1361",2015,"Timor.Leste","","TLS"
"1362",2014,"Timor.Leste","3.31011295945946","TLS"
"1363",2013,"Timor.Leste","3.39456505072464","TLS"
"1364",2012,"Timor.Leste","3.22946125757576","TLS"
"1365",2011,"Timor.Leste","3.32505616393443","TLS"
"1366",2010,"Timor.Leste","3.74492957213115","TLS"
"1367",2009,"Timor.Leste","3.2947519377551","TLS"
"1368",2008,"Timor.Leste","3.01947105510204","TLS"
"1369",2007,"Timor.Leste","2.79073614557486","TLS"
"1370",2006,"Timor.Leste","2.85429196282121","TLS"
"1371",2015,"Trinidad.and.Tobago","4.28032806919467","TTO"
"1372",2014,"Trinidad.and.Tobago","4.59978675559082","TTO"
"1373",2013,"Trinidad.and.Tobago","4.57425913392226","TTO"
"1374",2012,"Trinidad.and.Tobago","4.40764410037453","TTO"
"1375",2011,"Trinidad.and.Tobago","4.43746791428571","TTO"
"1376",2010,"Trinidad.and.Tobago","4.66546289375","TTO"
"1377",2009,"Trinidad.and.Tobago","4.25825106","TTO"
"1378",2008,"Trinidad.and.Tobago","3.57541580153509","TTO"
"1379",2007,"Trinidad.and.Tobago","3.7884566538974","TTO"
"1380",2006,"Trinidad.and.Tobago","4.01169151087197","TTO"
"1381",2015,"Tunisia","3.77473646946725","TUN"
"1382",2014,"Tunisia","3.55686385261628","TUN"
"1383",2013,"Tunisia","3.55092755209581","TUN"
"1384",2012,"Tunisia",NA,"TUN"
"1385",2011,"Tunisia","4.07321023781095","TUN"
"1386",2010,"Tunisia","4.78668130601093","TUN"
"1387",2009,"Tunisia","4.7089237754386","TUN"
"1388",2008,"Tunisia","5.0205649627907","TUN"
"1389",2007,"Tunisia","5.1695592696128","TUN"
"1390",2006,"Tunisia","4.91189152018311","TUN"
"1391",2015,"Turkey","2.95704749341597","TUR"
"1392",2014,"Turkey","3.07171525344562","TUR"
"1393",2013,"Turkey","3.40571336536313","TUR"
"1394",2012,"Turkey","3.45627694268293","TUR"
"1395",2011,"Turkey","3.26383985662651","TUR"
"1396",2010,"Turkey","3.40417779344262","TUR"
"1397",2009,"Turkey","3.70561673699422","TUR"
"1398",2008,"Turkey","4.00137220919895","TUR"
"1399",2007,"Turkey","4.39569333748443","TUR"
"1400",2006,"Turkey","3.89573683830433","TUR"
"1401",2015,"Uganda","3.41029660624843","UGA"
"1402",2014,"Uganda","2.98375939039614","UGA"
"1403",2013,"Uganda","3.12443834754098","UGA"
"1404",2012,"Uganda","3.50692345869565","UGA"
"1405",2011,"Uganda","3.73898096263736","UGA"
"1406",2010,"Uganda","3.39532623492063","UGA"
"1407",2009,"Uganda","3.21154183482587","UGA"
"1408",2008,"Uganda","3.31067182843823","UGA"
"1409",2007,"Uganda","3.37122001593912","UGA"
"1410",2006,"Uganda","3.79556838867617","UGA"
"1411",2015,"Ukraine","2.28034210205078","UKR"
"1412",2014,"Ukraine","2.01624953410593","UKR"
"1413",2013,"Ukraine","2.21865261428571","UKR"
"1414",2012,"Ukraine","2.5130444084507","UKR"
"1415",2011,"Ukraine","2.08058985","UKR"
"1416",2010,"Ukraine","1.99808762535885","UKR"
"1417",2009,"Ukraine","2.25271803438914","UKR"
"1418",2008,"Ukraine","2.56002589238095","UKR"
"1419",2007,"Ukraine","2.52386415316185","UKR"
"1420",2006,"Ukraine","2.43135637946959","UKR"
"1421",2015,"United.Arab.Emirates","5.6094159940345","ARE"
"1422",2014,"United.Arab.Emirates","5.6094159940345","ARE"
"1423",2013,"United.Arab.Emirates","5.469088","ARE"
"1424",2012,"United.Arab.Emirates","5.38847915740072","ARE"
"1425",2011,"United.Arab.Emirates","5.0777772364486","ARE"
"1426",2010,"United.Arab.Emirates","4.89299574912281","ARE"
"1427",2009,"United.Arab.Emirates","5.05336525","ARE"
"1428",2008,"United.Arab.Emirates","5.19524646228482","ARE"
"1429",2007,"United.Arab.Emirates","4.97878709454796","ARE"
"1430",2006,"United.Arab.Emirates","4.53422222222222","ARE"
"1431",2015,"United.Kingdom","6.20751601815955","GBR"
"1432",2014,"United.Kingdom","6.20128662326927","GBR"
"1433",2013,"United.Kingdom","6.23392515909091","GBR"
"1434",2012,"United.Kingdom","6.19419403846154","GBR"
"1435",2011,"United.Kingdom","6.19859630769231","GBR"
"1436",2010,"United.Kingdom","6.28501358035714","GBR"
"1437",2009,"United.Kingdom","6.01968095405405","GBR"
"1438",2008,"United.Kingdom","5.78953139876033","GBR"
"1439",2007,"United.Kingdom","6.04297824874512","GBR"
"1440",2006,"United.Kingdom","6.11454915425574","GBR"
"1441",2015,"United.States","5.15298452607954","USA"
"1442",2014,"United.States","5.1019624118944","USA"
"1443",2013,"United.States","5.04200124371859","USA"
"1444",2012,"United.States","4.90007307887668","USA"
"1445",2011,"United.States","4.94311647776484","USA"
"1446",2010,"United.States","4.9697968646849","USA"
"1447",2009,"United.States","5.34263729271523","USA"
"1448",2008,"United.States","5.47480570218912","USA"
"1449",2007,"United.States","5.05669244030246","USA"
"1450",2006,"United.States","5.17026999892287","USA"
"1451",2015,"Uruguay","5.69395610584932","URY"
"1452",2014,"Uruguay","5.61423922002407","URY"
"1453",2013,"Uruguay","5.41578409075144","URY"
"1454",2012,"Uruguay","5.2231120404908","URY"
"1455",2011,"Uruguay","5.27590523229814","URY"
"1456",2010,"Uruguay","5.26317868143713","URY"
"1457",2009,"Uruguay","5.19444698418079","URY"
"1458",2008,"Uruguay","5.03800168790181","URY"
"1459",2007,"Uruguay","4.83169300766284","URY"
"1460",2006,"Uruguay","5.05025393299243","URY"
"1461",2015,"Venezuela","1.12768639326096","VEN"
"1462",2014,"Venezuela","1.11523713035635","VEN"
"1463",2013,"Venezuela","1.11323639354839","VEN"
"1464",2012,"Venezuela","1.27242112857143","VEN"
"1465",2011,"Venezuela","1.64902335662651","VEN"
"1466",2010,"Venezuela","1.69231003783784","VEN"
"1467",2009,"Venezuela","1.4463037375","VEN"
"1468",2008,"Venezuela","1.37709154243388","VEN"
"1469",2007,"Venezuela","1.18810712164883","VEN"
"1470",2006,"Venezuela","1.23301708192797","VEN"
"1471",2015,"Vietnam","3.47753999399584","VNM"
"1472",2014,"Vietnam","3.40288433135955","VNM"
"1473",2013,"Vietnam","3.36125260487805","VNM"
"1474",2012,"Vietnam","3.36575875","VNM"
"1475",2011,"Vietnam","3.59542266","VNM"
"1476",2010,"Vietnam","3.86880072258065","VNM"
"1477",2009,"Vietnam","3.78531974963504","VNM"
"1478",2008,"Vietnam","3.67143972749416","VNM"
"1479",2007,"Vietnam","3.60579094735719","VNM"
"1480",2006,"Vietnam","3.43437526038412","VNM"
"1481",2015,"Yemen","","YEM"
"1482",2014,"Yemen","2.278398165625","YEM"
"1483",2013,"Yemen","2.23365478","YEM"
"1484",2012,"Yemen","1.97184236190476","YEM"
"1485",2011,"Yemen","1.770974","YEM"
"1486",2010,"Yemen",NA,"YEM"
"1487",2009,"Yemen",NA,"YEM"
"1488",2008,"Yemen",NA,"YEM"
"1489",2007,"Yemen",NA,"YEM"
"1490",2006,"Yemen",NA,"YEM"
"1491",2015,"Zambia","4.04279005381526","ZMB"
"1492",2014,"Zambia","3.71340563815789","ZMB"
"1493",2013,"Zambia","3.74670267039106","ZMB"
"1494",2012,"Zambia","3.50908863516484","ZMB"
"1495",2011,"Zambia","3.46906716857143","ZMB"
"1496",2010,"Zambia","3.78759516179775","ZMB"
"1497",2009,"Zambia","3.73923045568182","ZMB"
"1498",2008,"Zambia","3.4887928840534","ZMB"
"1499",2007,"Zambia","3.08988052954472","ZMB"
"1500",2006,"Zambia","2.71578947368421","ZMB"
"1501",2015,"Zimbabwe","2.68900740730519","ZWE"
"1502",2014,"Zimbabwe","2.50491405451229","ZWE"
"1503",2013,"Zimbabwe","2.71595935041322","ZWE"
"1504",2012,"Zimbabwe","2.73215426666667","ZWE"
"1505",2011,"Zimbabwe","2.6397941","ZWE"
"1506",2010,"Zimbabwe","2.25896209708738","ZWE"
"1507",2009,"Zimbabwe","2.04170222264151","ZWE"
"1508",2008,"Zimbabwe","2.03890172979798","ZWE"
"1509",2007,"Zimbabwe","1.81515873015873","ZWE"
"1510",2006,"Zimbabwe","1.84558035714286","ZWE"
